,0,1,2,3
0,14.756695872516298,0.5971269739525885,5.093364017055593,
1,14.756695872516298,0.5971269739525885,5.093364017055593,
2,14.756695872516298,0.5971269739525885,4.835736119965945,
3,14.756695872516298,0.5971269739525885,4.769363725768071,
4,14.756695872516298,0.5971269739525885,4.659122431559942,-4.314084078340554
5,14.756695872516298,0.5971269739525885,4.489444142699885,-4.332854905138775
6,13.006556156146537,-0.1409656565221048,4.163947726811607,-4.081292158615053
7,10.184750554631657,-0.1409656565221048,4.163947726811607,-3.2199988193131848
8,7.426481527427539,-1.8811262239604605,4.163947726811607,-3.2199988193131848
9,5.102701742836753,-3.926656638163957,4.146562089041822,-3.2199988193131848
10,2.148947044112084,-3.926656638163957,4.146562089041822,-3.2199988193131848
11,2.148947044112084,-3.926656638163957,3.7588005646387015,-3.2199988193131848
12,2.148947044112084,-3.926656638163957,3.7588005646387015,-3.2199988193131848
13,2.148947044112084,-3.926656638163957,3.9837495472725326,
14,2.148947044112084,-3.926656638163957,4.146150692924387,-1.6541944911504285
15,2.148947044112084,,4.650899642159895,-1.4886517618118305
16,,,4.204215063861292,-0.17763937977266764
17,1.5558648996410138,-3.6816585230317016,4.147998262842546,-0.15945269858973316
18,1.5063349849169632,-3.6816585230317016,3.944567213230316,-0.15945269858973316
19,1.3275785004133127,-3.6816585230317016,3.944567213230316,0.333667045668164
20,1.3275785004133127,-3.6816585230317016,4.474415559805893,0.333667045668164
21,1.3275785004133127,-3.746478072262581,4.032253479527632,0.7225762081380989
22,1.3275785004133127,-3.746478072262581,3.075763625146201,1.5710981254484446
23,1.3275785004133127,-3.746478072262581,2.2285610743469513,3.5931794481666466
24,3.7589473066651156,-4.211802236867926,1.313453516719649,4.435678335515498
25,3.7589473066651156,-5.504207991016699,0.6306116598724537,5.099891591381139
26,4.430366458373975,-6.479795553855205,0.3450592265899457,7.135691229362045
27,7.466482711677341,-7.714302275265947,-0.9961786335618197,9.985462478448904
28,5.389554463534962,-8.875989026176205,-1.2844898600041135,13.871047830979597
29,5.389554463534962,-9.73778938828502,-1.6074222972272214,15.930496893319178
30,5.4476077681399975,-10.357708014184515,-1.6574441098507302,16.637211429337164
31,4.449801140472119,-10.90308831022386,-2.0429461668447297,16.79277154108104
32,4.449801140472119,-11.610942583431193,-2.4084345385457806,16.70016634836453
33,7.67124587848378,-12.829750427622022,-3.182502559312023,16.498729656069287
34,10.96072774259678,-13.573718488098926,-3.729074033004084,16.264949927502805
35,7.963350874219382,-15.767277410520386,-4.110302612714386,15.745165248815049
36,6.970627079023726,-14.923273990606251,-3.5100471740444092,15.752078525792578
37,6.001735700724052,-14.45958423466084,-4.245020241289354,15.831419170381302
38,5.728290517682344,-14.726569204380906,-4.6617907014956605,15.016861085761159
39,5.618413133884246,-16.708404153603094,-5.697308108784878,15.016861085761159
40,5.590346360497509,-18.432299548183405,-7.2592297826348515,20.4450015538708
41,5.711197197629329,-19.613402480072974,-8.592072857244542,21.709158523274656
42,5.706851321526277,-19.191494825240646,-9.95159706458726,21.709158523274656
43,5.830612010044844,-18.872091126177118,-9.95159706458726,21.709158523274656
44,5.947452606858424,-19.514582589529578,-9.95159706458726,21.709158523274656
45,6.183475018531184,-19.514582589529578,-9.95159706458726,21.709158523274656
46,6.183475018531184,-19.514582589529578,-9.122209652493568,21.709158523274656
47,6.183475018531184,-19.514582589529578,-9.075841105379899,
48,6.183475018531184,-19.514582589529578,-9.82682023594806,
49,6.183475018531184,-18.615857842036863,-9.82682023594806,14.466484644537934
50,4.508085422579593,-16.398495484085473,-9.82682023594806,14.298315151215395
51,4.508085422579593,-13.731016298851515,-9.36684410882622,14.298315151215395
52,4.508085422579593,-12.85953979879961,-9.36684410882622,14.248264292326732
53,4.508085422579593,-12.85953979879961,-9.36684410882622,14.248264292326732
54,5.648115059185773,-9.368021909643732,-9.36684410882622,14.248264292326732
55,11.635977476214414,-9.368021909643732,-9.36684410882622,14.248264292326732
56,11.635977476214414,-9.368021909643732,-9.36684410882622,14.248264292326732
57,11.635977476214414,-9.368021909643732,-9.606502714340792,14.105102902498244
58,11.635977476214414,-9.368021909643732,-11.268539626032016,13.511486133058638
59,11.635977476214414,-9.368021909643732,-11.415374522813973,14.26579301865195
60,11.635977476214414,-8.73732819995625,-11.168777189689887,14.16475138185127
61,,-1.1064988810326648,-10.572726514131283,14.320547066042852
62,-2.0674147947915515,-1.1064988810326648,-10.816928837246603,15.831617711635102
63,-2.0674147947915515,-2.4174386414579345,-10.816928837246603,19.022795989621113
64,3.778084115371892,-5.14486281610753,-10.816928837246603,19.022795989621113
65,3.778084115371892,-5.14486281610753,-10.816928837246603,19.022795989621113
66,3.778084115371892,-5.14486281610753,-10.816928837246603,19.022795989621113
67,3.778084115371892,-5.14486281610753,-10.816928837246603,19.022795989621113
68,3.778084115371892,-5.14486281610753,-10.373601780346476,19.022795989621113
69,3.778084115371892,-5.14486281610753,-9.638423636379212,17.167373769507094
70,,,-9.123094842798862,13.679954792651538
71,,1.0339078594523985,-8.600648759230577,9.992605486829678
72,17.39906448748141,1.6661035096157941,-8.044012263798729,6.460298033784607
73,17.39906448748141,2.1295753629144,-7.359658519179781,3.8848792821674065
74,16.104994293369504,2.2004553173715142,-7.212595815709397,2.248343486611228
75,12.538951963617675,2.5269930212414895,-7.212595815709397,1.764583849958961
76,12.538951963617675,3.1969447129318938,-7.212595815709397,0.9668349386777394
77,12.538951963617675,1.976044855436004,-7.232665994610701,0.9668349386777394
78,12.538951963617675,3.3465575260255935,-6.869092199056491,0.9668349386777394
79,12.538951963617675,3.3465575260255935,-6.7287717524350725,0.9668349386777394
80,12.538951963617675,2.979797304490809,-6.672513832930962,1.6089059915194526
81,,2.979797304490809,-6.451097998676975,0.8351609148340106
82,,2.979797304490809,-6.284917152624049,0.3714658903040892
83,39.22227371517317,3.327393080205105,-3.0291189091672623,0.8723358478657002
84,36.04434185361428,2.6005982781975803,2.093583797153674,2.19472298060547
85,28.097621947742788,1.7834298397831405,0.5601405756276758,0.6034496562335996
86,24.605276161515956,1.7633456873101394,-1.2765420974722739,0.6034496562335996
87,21.56217036993102,2.645017713358458,0.1271446252262749,-0.5830804242270269
88,21.56217036993102,3.7950803479927435,-0.9215888973409412,-2.4542286598641696
89,21.56217036993102,4.319648158017369,-2.259642963671007,-4.3918093539913
90,21.56217036993102,5.16529366636341,-3.14911903745206,-4.954616873798989
91,21.56217036993102,5.734063149257905,-3.6570645801772876,-6.327879983828613
92,21.56217036993102,5.362033476900876,-3.8652699526909586,-8.602206592606768
93,,6.078337175302717,-3.997069453674189,-10.546886492865157
94,,7.71961378256863,-3.910056343264278,-12.794799019351224
95,,8.178702534152315,-3.9516572348869636,-14.094819868026478
96,10.140239248055082,10.107697036166192,-3.9516572348869636,-16.175142855789478
97,10.140239248055082,11.728148714974749,-3.8952398070316554,-16.175142855789478
98,9.731874708903783,13.365139934025702,-3.924805910720908,-16.175142855789478
99,9.731874708903783,13.365139934025702,-3.727910782305638,-17.08351880626238
100,9.731874708903783,13.365139934025702,-3.125363558904438,-18.501652997693327
101,9.731874708903783,14.629339888530561,-2.563953232339664,-20.124177853048398
102,9.731874708903783,16.93286776562634,-2.563953232339664,-21.765030096256854
103,12.314262096788731,19.167484630710923,-2.563953232339664,-22.36966908250462
104,9.47992052898443,20.89620994112386,-2.600609416153771,-22.36966908250462
105,9.47992052898443,20.89620994112386,-2.600609416153771,-24.592838576925303
106,9.47992052898443,20.89620994112386,-2.600609416153771,-24.592838576925303
107,9.47992052898443,21.639937729695372,-2.600609416153771,-24.592838576925303
108,9.47992052898443,21.639937729695372,-2.366717013262209,-27.079954745897016
109,9.47992052898443,22.678270218012734,-1.7919235069748303,-31.71834665311221
110,,22.678270218012734,-1.1047867550527812,-36.416862936254006
111,,23.61611210920418,-1.1047867550527812,-40.99252490138454
112,12.56382848040638,25.931670855180005,-1.1047867550527812,-44.564926900343764
113,12.490009157820348,29.10119419397495,-1.259789970360584,-44.564926900343764
114,12.490009157820348,32.473451872727956,-0.7749085665560853,-45.7272549345707
115,12.490009157820348,32.473451872727956,-0.7749085665560853,-47.40995380318536
116,12.490009157820348,32.473451872727956,-0.15380217062511592,-49.09414524418248
117,12.106154788379932,35.36219767745922,0.2972869330446657,-50.4281502445718
118,12.106154788379932,35.36219767745922,1.3199843964000857,-51.54114231114435
119,12.106154788379932,35.36219767745922,2.493028055689644,-52.19054715454361
120,12.106154788379932,35.36219767745922,3.4911017844476735,-52.696579597811684
121,12.106154788379932,35.36219767745922,3.738610093507736,-53.18046642912725
122,12.106154788379932,37.93013657378972,4.5789028916007455,-53.69228045543931
123,,41.72527984686246,4.5789028916007455,-54.10770987408709
124,,45.38282415164692,4.5789028916007455,-54.487521956562624
125,,48.3432670592997,4.5789028916007455,-54.487521956562624
126,,48.3432670592997,4.5789028916007455,-54.487521956562624
127,,48.3432670592997,4.5789028916007455,-40.01167336213068
128,,48.3432670592997,4.750766799584757,-40.01167336213068
129,,48.3432670592997,4.993868645336867,-40.01167336213068
130,,49.255529549232264,5.1105486407549705,-41.78507789592461
131,,50.78103501967201,5.507441516521449,-44.38929401281012
132,-25.182284904791977,52.098070986831715,6.031872498661955,-46.86656640436558
133,-21.35966138816658,53.2201724849319,5.600626970323639,-49.018601951098944
134,-14.474857283124697,53.94939636473105,5.600626970323639,-49.018601951098944
135,-8.268797675278874,54.36530440719954,5.42017863021044,-49.483507730254
136,-8.268797675278874,54.522219140980965,5.42017863021044,-49.483507730254
137,-8.268797675278874,54.522219140980965,5.42017863021044,-50.33198768258188
138,-8.268797675278874,54.636651664988264,5.42017863021044,-51.736019614316405
139,-8.268797675278874,54.636651664988264,4.922774941070483,-51.736019614316405
140,-1.562656297309828,54.636651664988264,3.924308903968747,-52.14943326885016
141,-1.562656297309828,54.636651664988264,2.897797392558963,-52.976213192540804
142,-1.562656297309828,54.7247595301696,2.518830994072697,-53.83049479777539
143,0.2498903153902674,54.8174277690756,2.518830994072697,-54.63441694820306
144,1.8719732090463463,54.57754631512691,2.518830994072697,-54.63441694820306
145,1.8719732090463463,54.77248214687538,2.4980379935226544,-54.63441694820306
146,1.8719732090463463,54.77248214687538,2.4980379935226544,-54.85302158471261
147,1.8719732090463463,54.77248214687538,2.4980379935226544,-54.85302158471261
148,1.8719732090463463,54.77248214687538,2.4980379935226544,-54.85302158471261
149,1.8719732090463463,54.77248214687538,2.4980379935226544,-54.85302158471261
150,,54.77248214687538,3.4974905140590455,-54.85302158471261
151,,42.47298401773762,5.585487527433749,-54.85302158471261
152,,42.47298401773762,8.056280834649211,-54.52754209018123
153,,43.50200889236312,10.030941764288768,-53.33857841459114
154,,45.44305076262606,11.623902354875339,-50.88843437315305
155,,48.02312936499921,12.959570172931247,-47.34660993187689
156,-16.098457025546267,49.650008470438685,14.134479871501085,-44.62769238267046
157,-16.098457025546267,50.75670428230311,14.134479871501085,-38.02698581972166
158,-17.528901874294622,51.96600346933115,14.134479871501085,-34.509152135673986
159,-4.328819328055854,29.89639085466553,14.134479871501085,-34.509152135673986
160,-4.328819328055854,29.89639085466553,14.897225901674219,-34.509152135673986
161,-4.328819328055854,29.89639085466553,16.073791269274874,-34.509152135673986
162,-4.328819328055854,29.89639085466553,17.271011972754756,-32.69727467934354
163,-4.328819328055854,29.89639085466553,17.3982183674729,-30.778820165899138
164,-4.328819328055854,27.021603613816055,18.35899551624985,-28.86190543990521
165,,27.021603613816055,20.314695740025183,-28.86190543990521
166,,30.723072945714428,20.314695740025183,-28.86190543990521
167,,30.723072945714428,20.314695740025183,-28.86190543990521
168,,30.723072945714428,21.041183143010198,-28.86190543990521
169,,30.723072945714428,22.060312254861614,-28.86190543990521
170,,30.723072945714428,23.063929688478918,
171,,30.723072945714428,22.32164722136262,2.1272159539356235
172,,26.13043654985515,23.490045293181165,0.21332359707956816
173,,29.250572461471844,24.281255834606338,-2.827522547368045
174,-24.234873847873004,25.76200800915057,24.958782245899,-5.890405302690015
175,-24.17907556569764,29.935657128354112,24.958782245899,-5.890405302690015
176,-24.16347636990536,33.15459045926032,25.36983059368489,-5.890405302690015
177,-24.16347636990536,33.15459045926032,25.31854595069941,-5.890405302690015
178,-24.16347636990536,31.94376473810516,25.74294146914396,-6.5661788635055025
179,-24.197494636494067,28.571608373743626,26.082846807529332,-6.5661788635055025
180,-24.264372795789555,24.556550198771784,26.10763026435589,-6.5661788635055025
181,-24.264372795789555,24.556550198771784,27.289771170611797,-6.5661788635055025
182,-24.264372795789555,24.556550198771784,28.021564013164397,-7.625246087408469
183,-24.327314010746033,22.178330266434283,27.77961193946945,-7.896787431486789
184,-24.327314010746033,14.724481612578003,28.425845356416982,-8.114069166749571
185,-24.32956123155191,7.646676592820209,28.425845356416982,-8.219126235766664
186,-24.134568285905683,0.10783789339592609,28.425845356416982,-8.219126235766664
187,-24.04748531474748,-5.915679489503798,28.425845356416982,-8.219126235766664
188,-24.04748531474748,-5.915679489503798,28.425845356416982,-8.219126235766664
189,-24.04748531474748,-5.915679489503798,27.93769863426535,-8.219126235766664
190,-24.04748531474748,-5.915679489503798,28.33854832851412,-8.219126235766664
191,-24.04748531474748,-5.915679489503798,28.785059025592638,-7.8053447795889594
192,-24.04748531474748,-5.915679489503798,30.05870664112397,-6.570092764322228
193,-23.924573150498958,-10.289622902348217,31.51706626757727,-5.0613680537614085
194,-17.31016135255949,-10.289622902348217,30.57553167121931,-3.456369610887755
195,-18.783197560170102,-14.90245203682092,30.57553167121931,-1.7310128344235343
196,-18.779347374332833,-21.407154354020204,30.57553167121931,-0.7040424758072616
197,-13.611300162997074,-28.65405817688562,30.57553167121931,-0.7040424758072616
198,-13.611300162997074,-35.060215093113676,30.57553167121931,-0.7040424758072616
199,-13.611300162997074,-35.060215093113676,30.57553167121931,-0.7040424758072616
200,-13.611300162997074,-35.060215093113676,,-0.7040424758072616
201,-13.611300162997074,-35.060215093113676,39.68647880187556,-0.0027007224122952422
202,-13.611300162997074,-37.81123220944509,39.86993169577338,0.7880214559916391
203,,-41.80684553882121,40.05928897454819,0.19179480858566933
204,-24.404004551571536,-44.6928319349385,40.1114411631726,0.7197412627754521
205,-20.211123397729093,-46.291979586200185,40.1114411631726,1.9691164009108575
206,-21.103063149483216,-49.003394631086195,38.06149117218232,2.652515993174064
207,-21.941544085882374,-51.187437982297695,35.938614243570555,3.1404847825280817
208,-22.082670843593185,-52.668883277008206,35.938614243570555,2.094635363053177
209,-22.62926549799796,-52.032532235439625,35.115159671383765,2.6315779570599793
210,-21.26401808063814,-48.6555997526675,34.022622288582184,2.6315779570599793
211,-13.026686699973276,-34.46839464930795,26.920141604680854,2.87219643027941
212,-13.026686699973276,-34.46839464930795,28.64796956311157,3.2261500632798485
213,-10.36365869081352,-35.13559126755456,31.184726223963597,10.341220476035673
214,-10.36365869081352,-35.13559126755456,32.5890033316555,8.990750426222057
215,-9.798315569118841,-35.88009445913014,32.5890033316555,8.962154685512791
216,-9.798315569118841,-37.646463094678126,32.5890033316555,9.280758112621333
217,-9.798315569118841,-40.79738328072984,32.5890033316555,9.280758112621333
218,-9.798315569118841,-43.51753826762159,32.5890033316555,9.280758112621333
219,-9.798315569118841,-43.51753826762159,32.5890033316555,9.280758112621333
220,-9.798315569118841,-43.51753826762159,27.76498574052954,9.280758112621333
221,,-43.51753826762159,27.76498574052954,9.280758112621333
222,,-43.51753826762159,23.56864835338089,9.335520827300972
223,10.305175298642576,-43.875245451386505,24.345313461685333,9.335520827300972
224,8.567921678651064,-45.4620923829322,24.544033585182664,9.488462318859414
225,8.567921678651064,-45.4620923829322,24.652259192819017,9.588200787743183
226,8.567921678651064,-44.89767464670426,24.42980724374253,9.974675734670711
227,7.633149369985204,-41.00031464204889,23.04929488622494,10.562806254439472
228,5.306382712743861,-40.57874289847973,21.454182497770198,11.232459695790501
229,5.306382712743861,-40.19860126314254,21.454182497770198,11.232459695790501
230,5.633658727007224,-39.7612109899078,20.98559963199788,11.956952424193847
231,5.633658727007224,-39.22619516294079,20.039396770887304,13.492111517843654
232,5.633658727007224,-39.22619516294079,20.039396770887304,13.993537025155069
233,5.633658727007224,-39.026019976346184,20.039396770887304,14.395136946290927
234,2.0355900159461924,-38.42470688909185,18.549358787881893,14.395136946290927
235,2.0355900159461924,-38.39546983412649,16.509687301805023,14.70629450500906
236,2.0355900159461924,-38.39546983412649,16.105897605078017,14.95785209109618
237,2.0355900159461924,-38.525250535579175,15.466336260459808,15.27517797022708
238,2.8240823418675416,-38.757057951660066,13.357859846349754,15.59124489844187
239,1.0818871380452253,-38.98966927711482,13.357859846349754,16.252801983695242
240,-0.2373321703992417,-39.280314257888605,11.567437248986968,16.692940014152935
241,-1.2731636046362595,-39.471501888240276,11.567437248986968,23.495624615677173
242,-2.2026756530745093,-39.471501888240276,10.592354355385277,26.60881674836853
243,-2.2026756530745093,-37.36715949063529,10.592354355385277,29.807533326789734
244,-0.9515188621017818,-30.194655830571108,10.592354355385277,29.807533326789734
245,-1.0440201569368326,-32.93737106182882,8.944436720495936,30.865172757576417
246,-1.0440201569368326,-32.93737106182882,6.331846446231463,32.400664386867156
247,-1.0440201569368326,-34.392153718041456,6.331846446231463,33.99786201991983
248,5.84998130916369,-36.164764717815615,6.331846446231463,35.61774577036422
249,4.274185771421294,-37.68528299175985,6.331846446231463,35.61774577036422
250,2.563649558443009,-37.68528299175985,4.226871527006118,35.61774577036422
251,2.563649558443009,-37.68528299175985,4.226871527006118,31.56523586839476
252,2.563649558443009,-37.68528299175985,4.226871527006118,33.126538420613684
253,-2.7073484792707756,-37.9036100102609,4.226871527006118,30.680954223680068
254,-0.7325172112984291,-38.05575394062967,4.226871527006118,30.680954223680068
255,-0.7325172112984291,-42.33916913155666,4.226871527006118,30.680954223680068
256,-0.7325172112984291,-42.33916913155666,1.9400186869157525,31.37360574673186
257,-0.7325172112984291,-40.90820629292492,1.9400186869157525,32.34244359207616
258,-0.7325172112984291,-37.888416156274396,0.5584667207557834,33.141644726360916
259,-0.7325172112984291,-36.318709629986735,0.5584667207557834,33.141644726360916
260,3.4026081721335366,-36.318709629986735,-1.301454813308154,32.99053265011948
261,3.4026081721335366,-36.318709629986735,-3.173260841714229,33.76604414737223
262,3.4026081721335366,-36.318709629986735,-3.173260841714229,34.57983034540278
263,3.4026081721335366,-34.78926977417733,-4.247233878693937,35.592273169055154
264,3.4026081721335366,-32.55613178437072,-5.192564471355609,35.592273169055154
265,3.4026081721335366,-32.55613178437072,-5.446541747176343,35.12213922178651
266,,-32.55613178437072,-4.0063885144377895,34.613354676145676
267,,-31.42695689980215,-4.0063885144377895,33.696317662072985
268,,-29.84568459269535,-4.0063885144377895,33.696317662072985
269,52.19863114841618,-28.29112051574158,-4.0063885144377895,33.696317662072985
270,52.19863114841618,-28.29112051574158,-4.0063885144377895,33.696317662072985
271,52.19863114841618,-28.29112051574158,-4.0063885144377895,36.68800727240282
272,52.19863114841618,-28.29112051574158,,36.429504220298575
273,46.24230197304191,-28.29112051574158,,36.429504220298575
274,46.24230197304191,-28.29112051574158,,36.429504220298575
275,46.24230197304191,,1.9008377235177845,35.74903874120839
276,46.24230197304191,,1.9008377235177845,34.957407118883026
277,2.874001704829119,-23.87529675208457,-1.177583650222224,
278,2.7598268894663804,-23.655725600367287,-1.177583650222224,
279,2.5775765655617033,-23.747160250588973,-1.3413200780341026,
280,2.2923077484072985,-23.514987698698988,-1.6117409969696799,
281,13.92747879059725,-23.393434137626702,-1.5563686846086668,
282,13.92747879059725,-23.407908214110865,-1.112770636807306,
283,16.462171911802287,-23.647515148327663,-1.338460005556146,
284,12.63440494289867,-22.54866901377895,-1.338460005556146,
285,19.569052296847143,-22.514120505167625,-1.09370088366303,
286,25.609460105401972,-22.122051134550407,-1.09370088366303,
287,25.609460105401972,-22.122051134550407,-1.09370088366303,
288,25.609460105401972,-22.122051134550407,-1.458774750744142,
289,25.609460105401972,-22.122051134550407,-2.12704305973623,
290,23.50983041940836,-22.122051134550407,-2.931990219875561,
291,23.50983041940836,-22.122051134550407,-3.6858369942011224,
292,21.21785332036907,-21.937158837266697,-4.716875141731994,
293,20.221873309943543,-21.64247453772318,-5.853463396514898,
294,21.40558420606361,-21.459536888000503,-7.71848977963205,
295,27.8853448008231,-21.286032607458374,-10.3931818588107,
296,21.10274474303518,-19.96948880227678,-10.3931818588107,
297,12.670831412432884,-20.447278358954634,-10.3931818588107,
298,15.563538022763279,-20.447278358954634,-11.180667197600565,
299,15.563538022763279,-20.77237606500777,-11.180667197600565,
300,15.563538022763279,-20.77237606500777,-12.51864849256997,
301,15.563538022763279,-20.77237606500777,-15.140366421236173,
302,15.563538022763279,-21.105394764614964,-17.22891913745866,
303,15.250627601479955,-21.592094596784584,-19.518308246045155,
304,13.958831934356429,-22.031989615491085,-19.518308246045155,
305,14.692964300847825,-22.41116818005832,-19.518308246045155,
306,11.222529321965867,-22.3518787823141,-20.26047950558272,
307,11.222529321965867,-22.3518787823141,-21.442469697516184,
308,11.222529321965867,-22.3518787823141,-22.42604329036158,
309,11.222529321965867,-21.258064810650897,-23.213803529037875,
310,11.04001070998015,-21.258064810650897,-23.79808124093932,
311,11.04001070998015,-21.258064810650897,-23.86691044589278,
312,11.04001070998015,-21.258064810650897,-24.090502853624052,
313,11.783556246970832,-20.028665604173373,-24.090502853624052,
314,13.51482092866177,-18.21299123088391,-22.803746269384487,
315,11.514499844163014,-16.110946544348693,-22.803746269384487,
316,11.514499844163014,-14.510489532247387,-22.376280344342803,
317,11.514499844163014,-14.510489532247387,-22.376280344342803,
318,10.300969461870224,-15.526448698360923,-22.503880818470474,
319,10.300969461870224,-13.137394430832213,-22.82369262403099,
320,10.300969461870224,-10.926197811112385,-23.081693320575017,
321,10.300969461870224,-8.846999874609141,-23.25029963456303,
322,10.300969461870224,-7.3444192312699705,-23.466516169371012,
323,10.300969461870224,-7.3444192312699705,-23.2485138570009,
324,,-6.660004465938259,-23.29930114290908,
325,,-5.281482127456194,-23.29930114290908,
326,,-4.251530067383309,-23.29930114290908,
327,,-2.8581866776791642,-23.29930114290908,
328,,-2.965229823550988,-23.29930114290908,
329,,-2.965229823550988,-21.693301448228173,
330,,-2.965229823550988,-11.838892936955453,
331,,-2.965229823550988,-5.127463678609516,
332,,-2.965229823550988,-5.127463678609516,
333,25.95842747486655,-1.8955278226818995,-5.127463678609516,
334,25.9673491229607,-0.23140599378300308,-5.127463678609516,
335,25.905817950727805,1.1291932141727195,-5.127463678609516,
336,26.240879344364433,1.1291932141727195,-6.469370937957704,
337,26.240879344364433,1.1291932141727195,-6.469370937957704,
338,25.939766082180196,1.4650296528431066,-6.469370937957704,
339,25.939766082180196,1.4650296528431066,-7.696223213567796,
340,25.939766082180196,1.9960345267741093,-9.157664474670607,
341,25.939766082180196,1.9960345267741093,-9.86053414919487,
342,23.345272665641975,2.5748498252006184,-9.477112150306981,
343,23.345272665641975,3.4874805413086816,-8.40217897025393,
344,23.345272665641975,4.400524001043329,-5.359807013409432,
345,25.038792936030145,5.117462038349077,-1.6226075595516387,
346,28.03738837742659,5.791069674578388,-1.6226075595516387,
347,28.03738837742659,7.162754845276233,-1.2756549706785347,
348,30.49605280937917,8.379443601751479,-1.2756549706785347,
349,30.49605280937917,8.379443601751479,-1.2756549706785347,
350,30.49605280937917,8.195674176624962,-1.3392565388319497,
351,30.49605280937917,7.939025450523292,-1.4737270368050313,
352,30.49605280937917,7.939025450523292,-0.9955153791833151,
353,30.49605280937917,7.830584241124404,-0.252395298492471,
354,27.39139692270118,7.528277979050124,0.165526981511471,
355,22.723470655938375,7.324501230156535,0.8106596477741932,
356,18.307237579512616,7.3064417549906,-12.374187122390818,
357,18.307237579512616,7.654816609584899,-12.374187122390818,
358,16.310268536797324,8.119017973514705,-5.792322835925485,
359,16.310268536797324,8.119017973514705,-5.792322835925485,
360,14.35847604020717,8.119017973514705,-3.2769520498772007,
361,14.35847604020717,8.617813127450399,-0.6147055305098359,
362,14.35847604020717,8.617813127450399,1.066225953094845,
363,14.35847604020717,8.617813127450399,2.4949957704593615,
364,12.616346137571682,9.666646814445825,0.7781698242784976,
365,9.769824900729489,11.154377673521855,0.7781698242784976,
366,5.861514432643969,12.055534357466884,0.7781698242784976,
367,2.661297370351182,12.055534357466884,0.7781698242784976,
368,7.190970408072688,12.055534357466884,0.7781698242784976,
369,7.190970408072688,12.055534357466884,-3.2950071713056066,
370,7.190970408072688,12.055534357466884,-3.2950071713056066,
371,7.190970408072688,12.055534357466884,-1.9265532841816115,
372,7.190970408072688,7.53170415310172,0.4901508274064563,
373,5.509115162702724,0.9865095731746321,3.413642071658157,
374,3.033798102771307,3.0371352324528047,3.413642071658157,
375,0.6577001198037267,4.271964540088778,4.676970282990315,
376,-1.0576999509248761,4.963808141121882,6.92014381709969,
377,-2.5736073159481374,4.562776503914801,6.92014381709969,
378,0.05453970339332148,3.953187871136208,9.334387851495975,
379,-0.1763962466976803,3.953187871136208,5.910190052800514,
380,-0.6449152532605883,3.0231706109263365,9.70858297633594,
381,-1.8032227182776226,1.9949724638967756,12.301965205882567,
382,-1.8032227182776226,0.2253654471708162,14.351300966191598,
383,-1.8032227182776226,0.2253654471708162,15.146994810225763,
384,-1.2662947369114015,-0.4743666208504449,15.457585829338436,
385,-1.2662947369114015,-1.6497675443330462,15.663146255666494,
386,-1.2662947369114015,-2.8143270705437806,15.663146255666494,
387,-1.2662947369114015,-3.8340738135061736,15.611060934266131,
388,-1.3192293420857062,-4.374076703657518,13.303810581034345,
389,-2.3233665783962554,-4.8329941177401095,13.029215123714664,
390,-2.3233665783962554,-4.8329941177401095,13.029215123714664,
391,-2.783389183990762,-4.868482598436899,11.799763696835228,
392,-0.8490376723103685,-8.788276650156467,10.346759445552838,
393,-0.8490376723103685,-8.788276650156467,8.789956058732356,
394,-0.8490376723103685,-7.804242314222441,8.4572614474524,
395,0.03874931938435788,-8.735864500972022,8.270602139549588,
396,0.03874931938435788,-12.546805430888572,8.726496694647455,
397,3.420714755689073,-10.87232548050093,10.767206941021499,
398,3.420714755689073,-8.673691392153824,11.016066747127102,
399,3.420714755689073,-8.635528294862018,14.163706776773079,
400,3.420714755689073,-7.812724783407205,16.193465138541374,
401,3.420714755689073,-7.6198473102607975,17.232259701379157,
402,3.420714755689073,-4.972757170212573,17.276926642036706,
403,,-4.480230562053631,17.276926642036706,
404,-13.454137420631245,-4.003077300597994,17.37308551119439,
405,-13.611684990480283,-4.003077300597994,18.36678733620994,
406,-13.812865562173732,-2.811505478073728,18.174267469496748,
407,-13.486830223752731,-2.3225020243834726,15.710615693670844,
408,-9.84957072785372,-2.7899025156850676,11.410763308611884,
409,-9.128046304290004,-3.2845214206001767,11.410763308611884,
410,-8.625790192233179,-3.7795885427784848,11.410763308611884,
411,-7.83631152330293,-1.7694359480111088,12.240584792423745,
412,-7.83631152330293,-1.7694359480111088,13.646604965632923,
413,-5.932965906801925,-1.7694359480111088,13.276828132522141,
414,6.980522432104623,-3.0391791652999363,14.219324569818312,
415,6.464181138379545,-5.146247284968627,15.353055263722467,
416,5.381224920952955,-7.819724177441451,16.685458109981596,
417,5.381224920952955,-11.606182098986704,17.843370490265063,
418,5.158285755901686,-14.7184507261619,17.843370490265063,
419,5.158285755901686,-17.305091427553666,17.871737001931486,
420,5.158285755901686,-19.086107385929807,17.67088713969951,
421,5.158285755901686,-19.086107385929807,17.543929603426744,
422,5.158285755901686,-20.339200226830528,16.659025669255254,
423,5.167978782979509,-21.785235400612585,15.14687288772876,
424,2.737665267852751,-20.495035020213187,12.464538630809807,
425,0.4672394183040285,-18.123136689638052,10.769812393977286,
426,-1.2023653937530767,-17.730487279713902,9.090216267818933,
427,-2.0493610335422705,-17.97344386156367,2.335126317638217,
428,-2.2453599524514565,-19.933725921290918,1.9458758734225352,
429,-2.9761437929109142,-19.933725921290918,1.4886349186923473,
430,-0.12430557436855416,-19.933725921290918,0.8147679658299108,
431,1.7499431939956855,-19.933725921290918,0.8147679658299108,
432,13.559800992153434,-20.067779063143973,0.8147679658299108,
433,13.559800992153434,-20.372130217480635,0.8147679658299108,
434,13.559800992153434,-20.789709784587036,0.8147679658299108,
435,13.559800992153434,-20.984741551744314,0.8147679658299108,
436,13.559800992153434,-20.984741551744314,,
437,13.559800992153434,-20.984741551744314,,
438,,-20.984741551744314,,
439,,-20.984741551744314,-12.452424637685588,
440,,-21.31296368659066,-7.8520872623453615,
441,4.543661704102536,-21.530185102703683,-6.1196252196386896,
442,4.692077188957236,-21.991209667772743,-6.1196252196386896,
443,5.14839599736754,-22.53355960020906,-6.1196252196386896,
444,5.14839599736754,-22.91509407949012,-6.086877464986491,
445,5.368190257559253,-22.91509407949012,-6.03492295594275,
446,5.368190257559253,-22.91509407949012,-6.992362288970732,
447,5.368190257559253,-23.281953284134556,-7.024515389775223,
448,5.368190257559253,-23.693349266489086,-6.749762121035981,
449,5.368190257559253,-23.49966373217868,-5.849110134209136,
450,5.368190257559253,-23.722408020184353,-5.33866250746368,
451,,-23.98176552790388,-5.33866250746368,
452,,-24.208376199140705,-5.329903876842637,
453,4.422514396828517,-24.556548805073398,-5.329903876842637,
454,4.422514396828517,-24.556548805073398,-5.434433490509392,
455,4.422514396828517,-24.44123918135483,-5.434433490509392,
456,4.422514396828517,-24.44123918135483,-6.595514114481512,
457,4.422514396828517,-24.44123918135483,-7.955318252108316,
458,4.422514396828517,-24.44123918135483,-8.425260208478273,
459,,-24.250187636764743,-7.848287458091081,
460,,-23.861586965469833,-7.848287458091081,
461,3.385057936870395,-23.377036310525416,-7.350098753755396,
462,3.385057936870395,-23.0513840614505,-7.350098753755396,
463,3.385057936870395,-23.0513840614505,-7.088384900506088,
464,3.385057936870395,-21.730861765643347,-2.8307484953851674,
465,2.3387504999768978,-21.730861765643347,-3.4150590725657115,
466,2.3387504999768978,-20.329507242775644,-3.6306838222360813,
467,2.3387504999768978,-17.70227383310145,-4.034015743279937,
468,2.561313258835519,-14.826807750799034,-4.034015743279937,
469,2.561313258835519,-13.457272965774207,-4.010966080323721,
470,2.561313258835519,-16.298940666701142,-4.010966080323721,
471,2.870617582824655,-18.30083035408646,-4.010966080323721,
472,2.870617582824655,-18.30083035408646,-3.7617947038905712,
473,2.870617582824655,-18.30083035408646,-3.7617947038905712,
474,2.870617582824655,-18.30083035408646,-3.7617947038905712,
475,2.870617582824655,-18.30083035408646,-3.29799421732585,
476,3.234095505882313,-18.30083035408646,-2.641293920787695,
477,3.234095505882313,,-2.3265722274207374,
478,3.234095505882313,,-2.2633101478801554,
479,3.234095505882313,2.3440259865587767,-2.2633101478801554,
480,3.234095505882313,2.6165208977878547,-2.2633101478801554,
481,3.8099941244656286,3.332527487727255,-2.2633101478801554,
482,3.8099941244656286,3.332527487727255,-2.2633101478801554,
483,3.8099941244656286,3.332527487727255,-1.847395524390205,
484,3.8099941244656286,3.332527487727255,-1.692795391230229,
485,3.8099941244656286,3.332527487727255,-2.1429201140497742,
486,3.8099941244656286,4.632534148019545,-1.2488739781630487,
487,4.103314065920003,6.55761878068101,-0.48444279033558413,
488,4.103314065920003,-1.3225028963067054,0.3887706767080258,
489,3.873373968214929,6.009545148482818,1.1075847071224005,
490,3.873373968214929,12.361876293989276,1.1075847071224005,
491,3.820959073382196,16.947375540986513,1.1075847071224005,
492,3.820959073382196,9.216979941499837,1.532220618164093,
493,3.820959073382196,9.216979941499837,1.9646851878616751,
494,3.820959073382196,9.216979941499837,2.658169732275759,
495,3.820959073382196,12.579902905405111,2.3009915161866354,
496,4.023791932800173,18.513582361637102,2.3009915161866354,
497,5.234024786472496,24.57764191361332,2.419676932441484,
498,5.327635450449418,30.013896232426507,2.7272308305452126,
499,5.683749126693708,34.24928693953684,3.448341091959083,
500,5.683749126693708,34.24928693953684,4.747160457456941,
501,5.683749126693708,36.36988979172579,1.6610266673227243,
502,5.683749126693708,36.36988979172579,2.5335481073429853,
503,5.683749126693708,36.36988979172579,2.4527786817879655,
504,5.683749126693708,28.785939420217268,1.8371328087172292,
505,5.690727064395398,31.880386155535273,1.8371328087172292,
506,6.2042336759446854,34.472560679237425,1.4888895305418548,
507,6.121673436338639,34.472560679237425,1.4888895305418548,
508,6.121673436338639,30.45242966338302,1.4888895305418548,
509,6.028133098009771,24.694608275966708,1.4888895305418548,
510,6.028133098009771,25.357268281084732,1.4888895305418548,
511,6.028133098009771,25.357268281084732,1.4888895305418548,
512,6.028133098009771,25.357268281084732,0.7514702993239757,
513,6.028133098009771,25.357268281084732,-0.22875891003158777,
514,6.028133098009771,25.556752400822152,-0.36294580075341704,
515,,24.916644256605434,-1.5995639654344507,
516,,24.776700020243975,-1.5995639654344507,
517,47.414444793191656,24.570238637653368,-1.5995639654344507,
518,41.82253812271173,11.418218219723345,-1.5995639654344507,
519,41.82253812271173,11.418218219723345,-1.5995639654344507,
520,41.82253812271173,13.266570358744849,-1.5995639654344507,
521,41.82253812271173,13.266570358744849,-2.827899871936154,
522,41.82253812271173,13.266570358744849,-4.81015722068611,
523,41.82253812271173,13.266570358744849,-6.9276652520450295,
524,,13.266570358744849,-8.68387120383499,
525,,13.266570358744849,-8.68387120383499,
526,,,-8.68387120383499,
527,,-23.078610807976258,-9.651614999162456,
528,39.706361401265724,-23.078610807976258,-9.651614999162456,
529,39.706361401265724,-23.078610807976258,-11.597446007564916,
530,39.706361401265724,-18.333673065635683,-14.101665295443912,
531,39.706361401265724,-18.333673065635683,-16.61174020514145,
532,39.706361401265724,-14.439436265955575,-18.554551873085227,
533,39.706361401265724,-14.439436265955575,-19.76291163259493,
534,38.300329611826974,-11.109140064106015,-19.76291163259493,
535,38.300329611826974,-6.212182365945709,-19.76291163259493,
536,35.20698034924455,-1.345584516918601,-20.296951170267196,
537,35.20698034924455,-1.345584516918601,-20.296951170267196,
538,35.20698034924455,-1.345584516918601,-20.296951170267196,
539,34.9010365583549,1.296823668350438,-20.296951170267196,
540,34.9010365583549,1.296823668350438,-20.296951170267196,
541,34.9010365583549,1.296823668350438,-19.655897773640078,
542,34.9010365583549,1.296823668350438,-18.992553672710525,
543,34.9010365583549,1.296823668350438,-17.292924648589228,
544,34.9010365583549,1.296823668350438,-15.328546616703761,
545,,3.7429457296663875,-15.615475195069674,
546,0.0485367588847266,7.297539319161823,-15.615475195069674,
547,0.0485367588847266,10.676683334054712,-15.615475195069674,
548,3.530326608460475,12.408254355146315,-15.615475195069674,
549,8.519387197367193,13.468980867066389,-15.615475195069674,
550,13.235592102676513,14.143581014059137,-15.615475195069674,
551,13.235592102676513,13.923957192307988,,
552,13.235592102676513,13.923957192307988,-5.790115918567815,
553,13.235592102676513,13.923957192307988,-5.73758428727728,
554,13.235592102676513,13.923957192307988,-5.514122038215202,
555,13.235592102676513,13.923957192307988,-5.237100826208223,
556,,11.872066516033003,-4.990114783211492,
557,4.640740485793952,8.644888172080552,-4.228765425489158,
558,4.640740485793952,9.286084493116874,-4.228765425489158,
559,4.816732581404161,10.169304769378737,-4.228765425489158,
560,4.72030267343902,11.00250911972917,-4.228765425489158,
561,4.72030267343902,11.00250911972917,-4.228765425489158,
562,4.72030267343902,11.00250911972917,-3.031922456857335,
563,4.72030267343902,11.295235162301806,-1.6944472027478692,
564,4.965602888278634,11.295235162301806,0.27817968958476835,
565,4.965602888278634,11.295235162301806,2.4714431028285393,
566,4.281909524244209,11.455669498381823,2.4714431028285393,
567,2.4982079000016038,12.265669732250787,2.4714431028285393,
568,2.4982079000016038,12.961261340005139,2.4714431028285393,
569,2.4982079000016038,12.961261340005139,2.4714431028285393,
570,2.4982079000016038,13.019804308001783,2.4714431028285393,
571,2.4982079000016038,13.019804308001783,,
572,2.4982079000016038,13.019804308001783,19.56113838094829,
573,,13.019804308001783,19.513488629003735,
574,,13.019804308001783,19.513488629003735,
575,,12.217306510464036,20.188449918800174,
576,4.933712016392998,11.024299678273612,20.997442755660302,
577,4.933712016392998,11.024299678273612,21.926389769142382,
578,4.933712016392998,9.859575125051814,21.926389769142382,
579,4.933712016392998,7.67785866966803,21.926389769142382,
580,5.377768603907106,4.927000383095098,21.926389769142382,
581,5.377768603907106,3.8375974416300918,21.926389769142382,
582,5.377768603907106,3.8375974416300918,21.926389769142382,
583,5.377768603907106,3.3826979921765474,22.495851853417296,
584,5.377768603907106,3.3826979921765474,22.495851853417296,
585,5.377768603907106,3.3826979921765474,22.833976049484466,
586,,3.3826979921765474,23.36251428606921,
587,,3.3826979921765474,23.852508223531306,
588,,3.3826979921765474,24.083862703903126,
589,,1.5779571177593978,24.169555921477198,
590,,-1.6950799885094954,24.169555921477198,
591,5.978626421993861,-4.0866152685833725,24.169555921477198,
592,5.978626421993861,-1.9524418336979763,23.152962535669097,
593,5.978626421993861,-1.9524418336979763,23.152962535669097,
594,5.978626421993861,-2.0522469434953154,23.152962535669097,
595,5.978626421993861,-1.9688510930369425,23.152962535669097,
596,5.978626421993861,-1.9688510930369425,22.701559311034273,
597,,-1.9688510930369425,21.724085705616478,
598,,-1.9688510930369425,20.479751823477446,
599,-10.312514957200573,-4.855535502064326,20.479751823477446,
600,-9.604907472325943,-2.8928376014424826,20.479751823477446,
601,-8.01599908915483,-1.176839180783928,20.479751823477446,
602,-3.7280795766909574,0.4546253135562093,19.75144995030719,
603,-3.7280795766909574,0.4546253135562093,18.65732159944524,
604,-3.7280795766909574,0.4546253135562093,18.65732159944524,
605,-3.7280795766909574,0.4546253135562093,18.65732159944524,
606,-3.7280795766909574,-0.2561733164004373,18.059585661497014,
607,-3.7280795766909574,-0.2561733164004373,17.17863536423738,
608,,-6.950218919311319,16.44823803839759,
609,,-17.24320136775977,15.84665098536443,
610,,-27.136597710436334,15.84665098536443,
611,6.3573209208336525,-22.473859643624472,15.84665098536443,
612,6.3573209208336525,-19.144124617022186,15.84665098536443,
613,4.801259539021858,-16.816740250871334,15.84665098536443,
614,4.801259539021858,-16.816740250871334,14.577594687996937,
615,4.801259539021858,-16.816740250871334,14.577594687996937,
616,4.801259539021858,-16.148176455879753,14.577594687996937,
617,4.801259539021858,-16.148176455879753,13.342276730333438,
618,4.801259539021858,-16.148176455879753,13.342276730333438,
619,,-16.148176455879753,12.364027692189278,
620,-2.51823999073582,-15.595987268765537,11.005412526437572,
621,-2.519128878093029,-15.31131469969626,10.245026510447262,
622,-0.09821436612934864,-14.725497462801588,10.876697274988732,
623,-0.16306364037931093,-25.617029679842076,8.433773072412315,
624,-0.16306364037931093,-33.61852141090155,8.433773072412315,
625,-0.16625460050068833,-33.61852141090155,8.433773072412315,
626,-0.20128617838815155,-31.40099984932715,6.967907032727529,
627,4.124339169628137,-35.81989370082344,6.967907032727529,
628,4.124339169628137,-35.81989370082344,5.378161023008502,
629,4.124339169628137,-32.827668593357664,3.241772674652126,
630,4.124339169628137,-32.827668593357664,0.6507353185830111,
631,4.124339169628137,-30.127887930221192,-1.0986850568067563,
632,4.410977260803702,-26.44215840228824,-3.090270031295341,
633,4.7731950902867135,-22.64611164481037,-4.517525888922547,
634,5.540564678334456,-19.177713752695247,-6.195340544783573,
635,5.540564678334456,-16.94812166563093,-7.649536865099942,
636,5.507218269163754,-15.273140030962628,-7.649536865099942,
637,4.954952926388888,-14.259226209010944,-7.649536865099942,
638,4.954952926388888,-13.424993699061572,-8.082421339482691,
639,4.954952926388888,-13.424993699061572,-8.953673764943009,
640,4.954952926388888,-13.424993699061572,-9.719247708869377,
641,4.954952926388888,-13.268117989210664,-10.44430919894476,
642,4.954952926388888,-13.204422877847199,-10.44430919894476,
643,,-13.171864454113623,-10.44430919894476,
644,,-13.972766122896381,-10.734293039995668,
645,5.39263556522795,-15.63184812965205,-11.339739545620768,
646,5.657193533554477,-17.134107288331872,-11.339739545620768,
647,6.047709796993538,-17.28313305598027,-11.339739545620768,
648,6.493933608238003,-17.28927061660051,-12.687812731916742,
649,7.120886544138429,-17.28927061660051,-14.738199156447392,
650,7.120886544138429,-17.395066697275045,-17.109141231439416,
651,7.120886544138429,-16.25933878485918,-19.112618476213708,
652,7.120886544138429,-15.315268316243518,-20.628435843250777,
653,7.120886544138429,-14.5763432832369,-21.727196900471306,
654,7.120886544138429,-14.060283991968214,-22.574869765459596,
655,,-13.750733073864925,-23.249889872673045,
656,,-13.55789586755974,-23.249889872673045,
657,,-13.458470035214106,-23.249889872673045,
658,14.4168475858744,-15.2556244284522,-23.249889872673045,
659,13.853883172490907,-15.2556244284522,-21.753951402210312,
660,13.853883172490907,-15.2556244284522,-18.8051461033047,
661,13.853883172490907,-15.2556244284522,-14.703946293355585,
662,13.853883172490907,-16.215971632460217,-12.02451185646401,
663,12.084345961081313,-17.453058143622897,-10.073564253212494,
664,11.042272785425867,-18.70479896313767,-8.953068819252287,
665,9.356963963896929,-19.547048566791588,-8.042797134778947,
666,9.356963963896929,-20.090651809741168,-8.042797134778947,
667,8.92977757028321,-20.410813644693604,-8.042797134778947,
668,7.638924263655889,-20.573850365877323,-7.711478375206148,
669,7.638924263655889,-19.75834719716278,-7.711478375206148,
670,7.638924263655889,-19.75834719716278,-7.34337139065091,
671,7.638924263655889,-19.820855420691586,-6.875611043730778,
672,7.272841597148792,-19.820855420691586,-6.499925655213442,
673,7.272841597148792,-18.99273011541739,-4.750655789790046,
674,7.2007626040179185,-19.309208186164017,-4.94627995091015,
675,7.097179201670144,-19.78622416712462,-4.94627995091015,
676,7.097179201670144,-20.467250413441622,-4.94627995091015,
677,7.041095574327852,-19.945906234296,-4.94627995091015,
678,6.882356614267236,-20.39401398972533,-4.94627995091015,
679,6.882356614267236,-20.39401398972533,-4.94627995091015,
680,6.882356614267236,-20.39401398972533,,
681,6.882356614267236,-20.39401398972533,-4.905120904625951,
682,6.882356614267236,-20.39401398972533,-5.098736981558291,
683,6.882356614267236,-19.578794862768085,-5.098736981558291,
684,,-18.24873140558219,-5.098736981558291,
685,-54.627394641333346,-16.98105417303517,-5.098736981558291,
686,-54.627394641333346,-16.089822023596586,-5.098736981558291,
687,-54.627394641333346,-16.089822023596586,-5.098736981558291,
688,-54.627394641333346,-16.089822023596586,,
689,-54.627394641333346,-16.089822023596586,-0.7282762161869937,
690,-54.627394641333346,-16.089822023596586,-0.7282762161869937,
691,,-16.089822023596586,-0.7121357571970791,
692,,,-0.9159216821696718,
693,,,-0.8749964654870291,
694,,,-1.6833281187463145,
695,22.523495620398485,-11.310490365557774,-1.6833281187463145,
696,20.231081545722752,-11.367385161453699,-1.6833281187463145,
697,16.820862495591864,-11.448604503772394,-1.6833281187463145,
698,16.820862495591864,-11.448604503772394,-1.6833281187463145,
699,16.820862495591864,-11.448604503772394,-1.6833281187463145,
700,16.820862495591864,-11.448604503772394,,
701,16.820862495591864,-11.448604503772394,-3.024147176614839,
702,16.820862495591864,-11.448604503772394,-3.088204113647366,
