001406283590,1443690026128.811035,"[-70, -78, -70, -80, -73, -76, -77, -77]",7
3c46d81ced78,1443690026204.656006,"[-71, -77, -69, -80, -74, -77, -77, -77]",7
001406283590,1443690026231.322021,"[-53, -56, -62, -62, -61, -58, -64, -52]",7
3c46d81ced78,1443690026307.073975,"[-72, -76, -69, -78, -73, -74, -74, -76]",7
001406283590,1443690026345.145020,"[-72, -77, -71, -80, -74, -76, -76, -76]",7
001406383590,1443690026353.335938,"[-49, -46, -50, -49, -47, -47, -47, -47]",40
3c46d81ced78,1443690026409.542969,"[-57, -57, -56, -57, -60, -58, -58, -58]",7
001406283590,1443690026436.030029,"[-53, -56, -62, -62, -62, -58, -62, -52]",7
001406300000,1443690026488.752930,"[-48, -45, -45, -47, -49, -45, -45, -47]",40
3c46d81ced78,1443690026511.915039,"[-49, -49, -49, -49, -52, -50, -50, -49]",7
48437c918ccc,1443690026535.752930,"[-53, -56, -62, -61, -62, -58, -63, -52]",7
001406383590,1443690026558.123047,"[-49, -46, -50, -49, -47, -47, -47, -48]",40
00cd72ceaa8a,1443690026581.272949,"[-55, -56, -55, -57, -59, -57, -58, -57]",7
3c46d81ced78,1443690026614.290039,"[-67, -68, -70, -75, -67, -75, -73, -75]",7
001406283590,1443690026641.023926,"[-53, -56, -62, -62, -62, -58, -63, -52]",7
001406300000,1443690026693.586914,"[-48, -45, -45, -47, -49, -45, -45, -47]",40
c4438f5bbe0a,1443690026707.228027,"[-70, -78, -70, -82, -73, -76, -78, -77]",7
3c46d81ced78,1443690026716.760986,"[-70, -76, -69, -80, -73, -70, -75, -74]",7
c4438f5bbe0a,1443690026727.531982,"[-56, -59, -64, -65, -64, -61, -67, -55]",7
001406283590,1443690026743.426025,"[-70, -75, -68, -77, -73, -69, -74, -73]",7
001406383590,1443690026763.061035,"[-49, -46, -50, -49, -47, -47, -47, -47]",40
3c46d81ced78,1443690026819.144043,"[-71, -70, -65, -78, -74, -71, -74, -76]",7
001406283590,1443690026857.145996,"[-72, -77, -71, -82, -74, -76, -77, -77]",7
001406300000,1443690026898.430908,"[-48, -46, -45, -47, -49, -45, -45, -47]",40
3c46d81ced78,1443690026921.581055,"[-54, -55, -55, -55, -56, -55, -56, -55]",7
18f643170231,1443690026942.371094,"[-69, -72, -70, -79, -68, -67, -71, -62]",7
001406283590,1443690026948.173096,"[-69, -75, -59, -73, -72, -64, -61, -68]",7
5cf8a192a6fe,1443690026964.492920,"[-44, -44, -44, -44, -47, -45, -46, -44]",7
001406383590,1443690026967.710938,"[-49, -46, -50, -49, -47, -47, -47, -48]",40
18f643170231,1443690026997.266113,"[-70, -72, -69, -65, -69, -74, -63, -66]",7
3c46d81ced78,1443690027024.030029,"[-71, -76, -60, -74, -72, -65, -62, -69]",7
001406283590,1443690027050.584961,"[-72, -76, -70, -78, -73, -75, -74, -76]",7
f8a9d0024db1,1443690027056.324951,"[-70, -76, -61, -73, -72, -65, -61, -70]",7
76d99dda33f9,1443690027086.239990,"[-48, -45, -45, -47, -49, -45, -45, -47]",40
00cd72ceaa8a,1443690027093.427979,"[-69, -67, -64, -74, -72, -67, -72, -75]",7
18f643170231,1443690027107.553955,"[-68, -69, -69, -77, -67, -74, -74, -74]",7
001406300000,1443690027125.233887,"[-77, -72, -73, -67, -76, -74, -69, -72]",40
3c46d81ced78,1443690027126.341064,"[-71, -75, -66, -75, -72, -71, -71, -73]",7
001406283590,1443690027152.707031,"[-62, -65, -67, -69, -68, -67, -69, -61]",7
001406383590,1443690027172.614014,"[-49, -46, -50, -49, -47, -47, -47, -47]",40
3c46d81ced78,1443690027228.717041,"[-44, -44, -44, -44, -47, -45, -46, -44]",7
001406283590,1443690027255.357910,"[-71, -77, -69, -75, -73, -76, -72, -75]",7
001406300000,1443690027307.919922,"[-48, -45, -45, -47, -49, -45, -45, -46]",40
3c46d81ced78,1443690027331.112061,"[-71, -74, -70, -70, -73, -75, -70, -73]",7
001406283590,1443690027369.082031,"[-53, -55, -62, -62, -62, -58, -63, -52]",7
001406383590,1443690027377.379883,"[-49, -46, -50, -48, -47, -47, -46, -47]",40
3c46d81ced78,1443690027433.627930,"[-71, -77, -69, -80, -73, -77, -78, -77]",7
001406283590,1443690027460.199951,"[-71, -75, -69, -74, -74, -76, -73, -75]",7
00cd72ceaa8a,1443690027503.010010,"[-68, -70, -70, -78, -67, -75, -73, -75]",7
001406300000,1443690027512.812012,"[-48, -45, -45, -47, -49, -45, -45, -46]",40
001406283590,1443690027562.675049,"[-53, -56, -61, -62, -62, -58, -62, -52]",7
001406383590,1443690027582.254883,"[-49, -46, -50, -49, -47, -47, -47, -47]",40
3c46d81ced78,1443690027638.402100,"[-44, -44, -44, -44, -47, -45, -46, -44]",7
001406283590,1443690027665.010986,"[-53, -56, -61, -62, -62, -58, -62, -52]",7
5cf8a192a6fe,1443690027709.789062,"[-48, -45, -45, -47, -49, -45, -45, -46]",40
3c46d81ced78,1443690027740.870117,"[-44, -44, -44, -44, -47, -45, -46, -44]",7
001406300000,1443690027749.160889,"[-71, -70, -66, -57, -71, -76, -61, -67]",40
5cf8a192a6fe,1443690027750.435059,"[-49, -46, -50, -49, -47, -47, -47, -47]",40
645106702e13,1443690027752.406006,"[-53, -56, -61, -59, -61, -58, -63, -52]",7
001406283590,1443690027767.451904,"[-71, -76, -67, -74, -73, -75, -69, -76]",7
001406383590,1443690027787.143066,"[-70, -64, -62, -56, -72, -72, -61, -64]",40
3c46d81ced78,1443690027843.259033,"[-44, -44, -44, -44, -47, -45, -46, -44]",7
001406283590,1443690027881.155029,"[-72, -77, -70, -81, -74, -75, -73, -77]",7
001406300000,1443690027922.472900,"[-48, -45, -45, -47, -50, -45, -45, -47]",40
3c46d81ced78,1443690027945.677002,"[-70, -70, -65, -66, -70, -74, -64, -71]",7
001406283590,1443690027972.306885,"[-58, -60, -57, -63, -64, -56, -52, -54]",7
001406383590,1443690027991.887939,"[-49, -46, -50, -49, -47, -47, -47, -47]",40
3c46d81ced78,1443690028048.017090,"[-72, -76, -70, -74, -73, -76, -72, -76]",7
001406283590,1443690028074.767090,"[-53, -56, -62, -62, -62, -58, -64, -53]",7
001406300000,1443690028127.254883,"[-48, -45, -45, -47, -49, -45, -45, -46]",40
3c46d81ced78,1443690028150.489014,"[-46, -47, -47, -47, -48, -47, -48, -46]",7
001406283590,1443690028177.229980,"[-53, -56, -62, -62, -61, -58, -62, -52]",7
e4907eb4562e,1443690028192.447998,"[-71, -76, -69, -68, -71, -74, -62, -68]",7
001406383590,1443690028196.669922,"[-49, -46, -50, -49, -47, -47, -47, -47]",40
3c46d81ced78,1443690028252.881104,"[-67, -76, -71, -80, -73, -76, -75, -77]",7
001406283590,1443690028279.520020,"[-53, -56, -62, -62, -62, -58, -64, -53]",7
649abeeda32a,1443690028319.821045,"[-48, -45, -45, -47, -50, -45, -45, -46]",40
3c46d81ced78,1443690028355.291992,"[-44, -44, -44, -44, -46, -45, -46, -44]",7
001406300000,1443690028357.205078,"[-77, -74, -77, -65, -77, -79, -69, -72]",40
18f643170231,1443690028389.187012,"[-49, -46, -50, -49, -47, -47, -47, -47]",40
001406283590,1443690028393.288086,"[-72, -76, -71, -80, -74, -75, -76, -77]",7
001406383590,1443690028401.522949,"[-75, -78, -76, -65, -78, -82, -72, -74]",40
acfdec72661b,1443690028411.993896,"[-71, -78, -70, -81, -73, -75, -77, -77]",7
18f643170231,1443690028444.408936,"[-48, -45, -45, -47, -50, -45, -45, -46]",40
3c46d81ced78,1443690028457.827881,"[-70, -74, -66, -73, -73, -75, -68, -75]",7
001406283590,1443690028484.408936,"[-53, -56, -62, -62, -61, -58, -64, -52]",7
acfdec72661b,1443690028496.418945,"[-44, -44, -44, -44, -47, -45, -46, -44]",7
00cd72ceaa8a,1443690028527.245117,"[-68, -71, -72, -80, -68, -76, -76, -76]",7
001406300000,1443690028536.958984,"[-76, -75, -78, -68, -78, -82, -73, -70]",40
3c46d81ced78,1443690028560.218018,"[-70, -69, -61, -66, -73, -73, -60, -75]",7
001406283590,1443690028586.887939,"[-71, -77, -70, -79, -74, -77, -74, -77]",7
001406383590,1443690028606.449951,"[-49, -46, -51, -49, -47, -47, -47, -47]",40
3c46d81ced78,1443690028662.572998,"[-67, -72, -63, -60, -69, -72, -60, -67]",7
001406283590,1443690028689.291992,"[-53, -56, -62, -62, -61, -58, -63, -52]",7
001406300000,1443690028741.820068,"[-48, -46, -45, -47, -49, -45, -45, -47]",40
3c46d81ced78,1443690028764.966064,"[-69, -66, -66, -62, -72, -75, -68, -61]",7
001406283590,1443690028791.589111,"[-55, -59, -64, -65, -64, -60, -65, -55]",7
e8508bdb8275,1443690028799.666992,"[-71, -77, -67, -81, -73, -76, -75, -77]",7
001406383590,1443690028811.202881,"[-49, -46, -50, -49, -47, -47, -47, -47]",40
0002f2d35833,1443690028815.980957,"[-72, -75, -71, -71, -74, -76, -75, -74]",7
3c46d81ced78,1443690028867.382080,"[-71, -77, -70, -80, -73, -75, -76, -76]",7
001406283590,1443690028905.242920,"[-53, -56, -62, -62, -62, -58, -63, -52]",7
00cd72ceaa8a,1443690028936.800049,"[-70, -77, -69, -82, -74, -77, -78, -77]",7
001406300000,1443690028946.566895,"[-48, -45, -45, -47, -50, -45, -45, -47]",40
3c46d81ced78,1443690028969.867920,"[-68, -71, -70, -79, -69, -76, -76, -76]",7
001406283590,1443690028996.383057,"[-53, -56, -61, -61, -61, -58, -63, -52]",7
0002f2d35833,1443690029006.491943,"[-45, -45, -45, -45, -48, -46, -47, -45]",7
001406383590,1443690029016.000000,"[-49, -46, -50, -49, -47, -47, -47, -48]",40
00cd72ceaa8a,1443690029039.315918,"[-68, -70, -70, -79, -68, -76, -75, -75]",7
3c46d81ced78,1443690029072.274902,"[-71, -74, -70, -72, -70, -75, -66, -67]",7
001406283590,1443690029098.788086,"[-71, -73, -67, -69, -69, -73, -68, -72]",7
5cf8a192a6fe,1443690029134.342041,"[-44, -44, -44, -44, -47, -45, -46, -44]",7
001406300000,1443690029151.405029,"[-48, -45, -45, -47, -50, -45, -45, -47]",40
980c82562d6e,1443690029156.367920,"[-70, -74, -68, -66, -73, -74, -72, -72]",7
3c46d81ced78,1443690029174.643066,"[-72, -74, -68, -56, -73, -75, -74, -77]",7
001406283590,1443690029201.308105,"[-72, -76, -71, -69, -73, -76, -71, -72]",7
f409d8d6d641,1443690029209.327881,"[-49, -46, -50, -48, -47, -47, -47, -47]",40
001406383590,1443690029220.797119,"[-78, -71, -77, -72, -73, -77, -74, -68]",40
980c82562d6e,1443690029240.958008,"[-71, -77, -71, -81, -74, -77, -77, -77]",7
f409d8d6d641,1443690029249.400879,"[-48, -45, -45, -47, -49, -45, -45, -47]",40
3c46d81ced78,1443690029277.027100,"[-70, -77, -69, -80, -73, -74, -76, -76]",7
001406283590,1443690029303.675049,"[-70, -78, -69, -80, -73, -76, -77, -77]",7
980c82562d6e,1443690029324.538086,"[-44, -44, -44, -44, -46, -45, -46, -44]",7
001406300000,1443690029356.264893,"[-77, -70, -76, -70, -73, -76, -73, -67]",40
3c46d81ced78,1443690029379.458008,"[-70, -74, -68, -60, -72, -76, -73, -71]",7
001406283590,1443690029417.209961,"[-53, -56, -62, -62, -62, -58, -63, -52]",7
980c82562d6e,1443690029417.264893,"[-44, -44, -44, -44, -47, -45, -46, -44]",7
001406383590,1443690029425.743896,"[-49, -46, -50, -48, -47, -47, -47, -47]",40
3c46d81ced78,1443690029481.885986,"[-71, -76, -68, -65, -72, -76, -72, -67]",7
001406283590,1443690029508.481934,"[-53, -56, -60, -59, -61, -58, -58, -52]",7
48437c918ccc,1443690029523.610107,"[-44, -44, -44, -44, -47, -45, -46, -44]",7
001406300000,1443690029560.981934,"[-48, -45, -45, -47, -50, -45, -45, -47]",40
3c46d81ced78,1443690029584.337891,"[-70, -74, -68, -68, -72, -74, -64, -74]",7
001406283590,1443690029610.902100,"[-53, -56, -62, -62, -62, -58, -64, -52]",7
001406383590,1443690029630.468018,"[-49, -46, -50, -49, -47, -47, -47, -47]",40
3c46d81ced78,1443690029686.760010,"[-44, -44, -44, -44, -47, -45, -46, -44]",7
5cf8a192a6fe,1443690029712.035889,"[-48, -45, -45, -47, -50, -45, -45, -47]",40
001406283590,1443690029713.291016,"[-53, -56, -62, -62, -61, -58, -63, -52]",7
5cf8a192a6fe,1443690029752.752930,"[-77, -74, -71, -67, -75, -80, -72, -73]",40
001406300000,1443690029765.856934,"[-76, -74, -70, -67, -77, -79, -71, -73]",40
3c46d81ced78,1443690029789.087891,"[-49, -50, -50, -50, -52, -50, -52, -50]",7
001406283590,1443690029815.754883,"[-54, -57, -62, -62, -62, -59, -64, -53]",7
001406383590,1443690029835.281982,"[-49, -46, -50, -48, -47, -47, -47, -47]",40
3c46d81ced78,1443690029891.583008,"[-44, -44, -44, -44, -46, -45, -46, -44]",7
001406283590,1443690029929.154053,"[-53, -56, -61, -59, -61, -58, -62, -51]",7
00cd72ceaa8a,1443690029960.891113,"[-71, -79, -71, -80, -73, -76, -77, -77]",7
001406300000,1443690029970.639893,"[-48, -45, -45, -47, -50, -45, -45, -47]",40
3c46d81ced78,1443690029993.829102,"[-67, -70, -70, -78, -68, -76, -76, -76]",7
001406283590,1443690030020.558105,"[-53, -56, -62, -61, -61, -58, -63, -52]",7
001406383590,1443690030040.065918,"[-49, -46, -50, -49, -47, -47, -47, -47]",40
3c46d81ced78,1443690030096.356934,"[-44, -44, -44, -44, -46, -46, -46, -44]",7
001406283590,1443690030122.938965,"[-53, -56, -61, -60, -61, -58, -62, -52]",7
001406300000,1443690030175.628906,"[-49, -46, -45, -47, -49, -45, -45, -47]",40
3c46d81ced78,1443690030198.693115,"[-44, -44, -44, -44, -47, -45, -46, -44]",7
001406283590,1443690030225.504883,"[-69, -73, -68, -65, -69, -74, -62, -66]",7
001406383590,1443690030244.937988,"[-49, -46, -50, -49, -47, -47, -46, -47]",40
3c46d81ced78,1443690030301.143066,"[-44, -44, -44, -44, -46, -45, -46, -44]",7
001406283590,1443690030327.846924,"[-53, -56, -61, -61, -61, -59, -63, -52]",7
001406300000,1443690030380.364014,"[-48, -45, -44, -47, -49, -45, -45, -46]",40
3c46d81ced78,1443690030403.524902,"[-44, -44, -44, -44, -47, -45, -46, -44]",7
001406283590,1443690030441.245117,"[-54, -56, -62, -62, -62, -59, -64, -53]",7
001406383590,1443690030449.805908,"[-49, -46, -50, -49, -47, -47, -47, -47]",40
3c46d81ced78,1443690030506.031982,"[-44, -44, -44, -44, -47, -46, -46, -44]",7
001406283590,1443690030532.644043,"[-71, -78, -70, -81, -74, -77, -78, -77]",7
001406300000,1443690030585.150879,"[-48, -45, -45, -47, -50, -45, -45, -47]",40
3c46d81ced78,1443690030608.371094,"[-71, -71, -66, -62, -68, -73, -63, -70]",7
001406283590,1443690030635.045898,"[-69, -72, -65, -61, -69, -73, -62, -69]",7
001406383590,1443690030654.668945,"[-49, -46, -50, -48, -47, -47, -47, -47]",40
3c46d81ced78,1443690030710.834961,"[-71, -76, -68, -70, -73, -76, -75, -77]",7
001406283590,1443690030737.534912,"[-71, -78, -71, -80, -73, -76, -77, -77]",7
001406300000,1443690030790.000000,"[-48, -46, -45, -47, -50, -46, -45, -47]",40
3c46d81ced78,1443690030813.180908,"[-44, -44, -44, -44, -47, -45, -46, -44]",7
001406283590,1443690030839.876953,"[-53, -55, -62, -62, -61, -58, -63, -52]",7
001406383590,1443690030859.535889,"[-49, -46, -50, -49, -47, -47, -47, -47]",40
069f3836b2ea,1443690030864.591064,"[-48, -46, -45, -47, -49, -45, -45, -47]",40
3c46d81ced78,1443690030915.617920,"[-44, -44, -44, -44, -47, -45, -46, -44]",7
001406283590,1443690030953.228027,"[-68, -73, -67, -62, -67, -73, -60, -64]",7
0002f2d35833,1443690030987.034912,"[-44, -44, -44, -44, -47, -45, -46, -44]",7
001406300000,1443690030994.798096,"[-66, -74, -72, -65, -76, -80, -68, -67]",40
bc4cc4a222cb,1443690031009.136963,"[-70, -76, -69, -78, -74, -75, -76, -76]",7
3c46d81ced78,1443690031017.930908,"[-70, -76, -68, -68, -71, -75, -64, -69]",7
bc4cc4a222cb,1443690031030.183105,"[-53, -56, -62, -62, -62, -58, -63, -53]",7
001406283590,1443690031044.634033,"[-71, -75, -68, -67, -70, -74, -63, -68]",7
001406383590,1443690031064.187988,"[-49, -46, -51, -48, -47, -47, -47, -47]",40
bc4cc4a222cb,1443690031092.789062,"[-44, -44, -44, -44, -46, -45, -46, -44]",7
3c46d81ced78,1443690031120.282959,"[-70, -76, -68, -66, -70, -75, -64, -68]",7
001406283590,1443690031147.124023,"[-71, -77, -70, -80, -74, -77, -77, -77]",7
001406300000,1443690031199.604004,"[-48, -45, -45, -47, -49, -45, -45, -47]",40
3c46d81ced78,1443690031222.871094,"[-71, -77, -70, -82, -74, -77, -78, -77]",7
001406283590,1443690031249.586914,"[-53, -57, -62, -63, -61, -58, -63, -52]",7
001406383590,1443690031269.042969,"[-49, -46, -51, -49, -47, -47, -47, -47]",40
3c46d81ced78,1443690031325.334961,"[-71, -74, -68, -64, -71, -76, -62, -68]",7
001406283590,1443690031351.916992,"[-53, -57, -61, -59, -61, -58, -58, -52]",7
00cd72ceaa8a,1443690031394.656006,"[-44, -44, -44, -44, -47, -45, -46, -44]",7
001406300000,1443690031404.427002,"[-48, -45, -45, -47, -49, -45, -45, -47]",40
3c46d81ced78,1443690031427.635986,"[-68, -69, -71, -78, -69, -75, -76, -75]",7
001406283590,1443690031465.127930,"[-53, -57, -62, -62, -62, -58, -61, -52]",7
001406383590,1443690031473.884033,"[-49, -46, -51, -49, -47, -47, -47, -47]",40
3c46d81ced78,1443690031530.118896,"[-44, -44, -45, -44, -47, -46, -46, -45]",7
001406283590,1443690031556.709961,"[-54, -57, -62, -63, -62, -58, -63, -52]",7
bc4cc4a222cb,1443690031575.583008,"[-48, -45, -45, -47, -50, -45, -45, -46]",40
001406300000,1443690031609.330078,"[-77, -73, -78, -70, -75, -79, -74, -70]",40
3c46d81ced78,1443690031632.485107,"[-44, -44, -44, -44, -47, -45, -46, -44]",7
5635ee9fc4a6,1443690031653.727051,"[-53, -57, -62, -62, -61, -58, -63, -52]",7
001406283590,1443690031659.187988,"[-71, -76, -66, -79, -73, -68, -63, -72]",7
001406383590,1443690031678.757080,"[-49, -46, -50, -49, -47, -47, -47, -47]",40
3c46d81ced78,1443690031734.933105,"[-44, -44, -44, -44, -47, -45, -47, -44]",7
001406283590,1443690031761.604004,"[-53, -58, -62, -61, -62, -58, -62, -52]",7
001406300000,1443690031814.121094,"[-48, -45, -45, -47, -49, -45, -45, -47]",40
3c46d81ced78,1443690031837.272949,"[-72, -73, -70, -61, -72, -75, -68, -73]",7
001406283590,1443690031864.176025,"[-53, -57, -62, -62, -61, -58, -64, -52]",7
001406383590,1443690031883.566895,"[-49, -46, -51, -49, -47, -47, -47, -47]",40
5635ee9fc4a6,1443690031896.081055,"[-44, -44, -44, -44, -46, -46, -46, -44]",7
5635ee9fc4a6,1443690031917.860107,"[-71, -74, -63, -76, -73, -65, -60, -68]",7
3c46d81ced78,1443690031939.740967,"[-71, -74, -63, -76, -73, -64, -60, -68]",7
5635ee9fc4a6,1443690031977.177979,"[-70, -76, -64, -80, -73, -65, -61, -68]",7
001406283590,1443690031977.219971,"[-70, -74, -62, -74, -73, -65, -61, -70]",7
001406300000,1443690032018.929932,"[-48, -45, -45, -47, -50, -45, -45, -46]",40
f02475d6b83d,1443690032039.076904,"[-70, -73, -68, -65, -69, -73, -63, -69]",7
3c46d81ced78,1443690032042.179932,"[-68, -70, -66, -61, -71, -73, -65, -69]",7
2c8a728ca6e7,1443690032050.795898,"[-53, -57, -62, -62, -62, -58, -62, -53]",7
f02475d6b83d,1443690032058.756104,"[-70, -76, -69, -78, -73, -69, -69, -73]",7
001406283590,1443690032068.802002,"[-69, -71, -66, -61, -71, -74, -66, -68]",7
f02475d6b83d,1443690032080.320068,"[-49, -49, -49, -49, -51, -50, -52, -49]",7
001406383590,1443690032088.458008,"[-49, -46, -51, -49, -47, -47, -47, -48]",40
f02475d6b83d,1443690032099.749023,"[-68, -68, -65, -60, -70, -73, -64, -68]",7
f02475d6b83d,1443690032121.270020,"[-68, -68, -65, -60, -71, -73, -64, -68]",7
3c46d81ced78,1443690032144.553955,"[-68, -68, -65, -59, -70, -73, -64, -67]",7
001406283590,1443690032171.264893,"[-71, -77, -70, -79, -74, -75, -75, -77]",7
f02475d6b83d,1443690032183.971924,"[-68, -73, -66, -64, -68, -74, -60, -67]",7
001406300000,1443690032223.791016,"[-48, -46, -45, -47, -50, -45, -45, -47]",40
3c46d81ced78,1443690032247.020020,"[-70, -72, -69, -64, -72, -75, -68, -71]",7
001406283590,1443690032273.778076,"[-71, -77, -70, -79, -74, -77, -77, -76]",7
001406383590,1443690032293.274902,"[-49, -46, -50, -49, -47, -47, -47, -47]",40
3c46d81ced78,1443690032349.408936,"[-44, -44, -44, -44, -46, -45, -46, -44]",7
001406283590,1443690032376.128906,"[-53, -57, -62, -62, -62, -58, -64, -53]",7
0002f2d35833,1443690032388.518066,"[-44, -44, -44, -44, -47, -45, -46, -44]",7
001406300000,1443690032428.791016,"[-48, -45, -44, -47, -49, -45, -45, -47]",40
3c46d81ced78,1443690032451.784912,"[-71, -76, -68, -76, -72, -74, -73, -76]",7
001406383590,1443690032498.055908,"[-49, -46, -51, -49, -47, -47, -47, -47]",40
507a556151f5,1443690032543.145020,"[-53, -57, -62, -62, -61, -58, -64, -52]",7
3c46d81ced78,1443690032554.195068,"[-67, -71, -61, -60, -62, -70, -53, -61]",7
001406283590,1443690032580.892090,"[-53, -57, -62, -63, -62, -59, -64, -52]",7
507a556151f5,1443690032584.042969,"[-44, -44, -44, -44, -47, -45, -47, -44]",7
f02475d6b83d,1443690032621.336914,"[-48, -45, -45, -47, -50, -45, -45, -47]",40
3c46d81ced78,1443690032656.656982,"[-65, -66, -63, -57, -61, -68, -52, -56]",7
001406300000,1443690032661.197021,"[-78, -65, -78, -70, -69, -72, -74, -63]",40
f02475d6b83d,1443690032661.239014,"[-49, -46, -50, -49, -47, -47, -47, -48]",40
001406283590,1443690032683.344971,"[-69, -65, -61, -61, -59, -68, -51, -56]",7
001406383590,1443690032702.857910,"[-78, -61, -75, -65, -66, -68, -71, -60]",40
3c46d81ced78,1443690032759.054932,"[-44, -44, -44, -44, -46, -45, -46, -44]",7
001406283590,1443690032785.741943,"[-54, -57, -62, -62, -62, -59, -64, -53]",7
001406300000,1443690032838.224121,"[-48, -45, -45, -47, -49, -45, -45, -47]",40
3c46d81ced78,1443690032861.403076,"[-44, -44, -44, -44, -46, -45, -46, -44]",7
001406283590,1443690032888.141113,"[-53, -56, -62, -62, -61, -59, -63, -52]",7
001406383590,1443690032907.753906,"[-49, -46, -51, -49, -47, -47, -47, -47]",40
507a556151f5,1443690032914.876953,"[-48, -46, -45, -47, -50, -45, -45, -47]",40
3c46d81ced78,1443690032963.914062,"[-44, -44, -44, -44, -46, -45, -46, -44]",7
001406283590,1443690033001.121094,"[-53, -57, -62, -60, -62, -59, -64, -52]",7
001406300000,1443690033043.072021,"[-73, -69, -68, -59, -75, -79, -65, -69]",40
3c46d81ced78,1443690033066.248047,"[-44, -44, -44, -44, -47, -45, -46, -44]",7
001406283590,1443690033093.064941,"[-53, -58, -62, -63, -62, -59, -64, -53]",7
001406383590,1443690033112.482910,"[-49, -46, -51, -49, -47, -47, -47, -47]",40
3c46d81ced78,1443690033168.664062,"[-68, -70, -65, -59, -72, -76, -71, -70]",7
c43abeab27c2,1443690033176.591064,"[-53, -57, -62, -62, -62, -59, -64, -52]",7
001406283590,1443690033195.367920,"[-68, -75, -70, -80, -73, -76, -75, -77]",7
001406300000,1443690033247.850098,"[-48, -46, -45, -47, -50, -45, -45, -47]",40
3c46d81ced78,1443690033271.089111,"[-69, -77, -71, -78, -74, -76, -75, -76]",7
001406283590,1443690033297.709961,"[-53, -58, -61, -59, -61, -59, -60, -52]",7
001406383590,1443690033317.373047,"[-49, -46, -50, -49, -47, -47, -47, -47]",40
3c46d81ced78,1443690033373.426025,"[-44, -44, -44, -44, -47, -45, -46, -44]",7
001406283590,1443690033400.149902,"[-53, -57, -62, -62, -61, -59, -64, -53]",7
001406300000,1443690033452.705078,"[-48, -46, -45, -47, -49, -46, -45, -47]",40
3c46d81ced78,1443690033475.999023,"[-44, -44, -44, -44, -47, -45, -46, -44]",7
001406283590,1443690033513.219971,"[-53, -58, -62, -62, -60, -59, -64, -52]",7
001406383590,1443690033522.135010,"[-49, -46, -50, -49, -47, -47, -47, -47]",40
3c46d81ced78,1443690033578.389893,"[-44, -44, -44, -44, -47, -45, -46, -44]",7
001406283590,1443690033605.050049,"[-54, -58, -62, -59, -61, -59, -62, -53]",7
001406300000,1443690033657.626953,"[-48, -45, -45, -47, -49, -45, -45, -47]",40
3c46d81ced78,1443690033680.736084,"[-72, -77, -70, -80, -74, -78, -77, -77]",7
001406283590,1443690033707.555908,"[-53, -58, -61, -59, -61, -58, -61, -52]",7
c43abeab27c2,1443690033722.393066,"[-49, -46, -50, -49, -47, -47, -47, -47]",40
c43abeab27c2,1443690033762.936035,"[-49, -45, -45, -47, -49, -45, -45, -47]",40
3c46d81ced78,1443690033783.152100,"[-44, -44, -44, -44, -46, -45, -46, -44]",7
001406283590,1443690033809.886963,"[-53, -58, -63, -62, -62, -59, -64, -53]",7
001406300000,1443690033862.362061,"[-70, -61, -64, -54, -67, -72, -59, -61]",40
3423bad0d47a,1443690033871.834961,"[-71, -74, -68, -66, -71, -75, -67, -70]",7
001406283590,1443690033912.229004,"[-53, -57, -62, -61, -61, -59, -65, -53]",7
001406383590,1443690033931.804932,"[-49, -46, -50, -49, -47, -47, -47, -47]",40
3423bad0d47a,1443690033956.236084,"[-44, -44, -44, -44, -46, -45, -46, -44]",7
3c46d81ced78,1443690033988.028076,"[-68, -71, -69, -69, -69, -76, -72, -70]",7
001406283590,1443690034025.197021,"[-53, -57, -61, -59, -61, -58, -59, -52]",7
b4cef66b85ef,1443690034025.261963,"[-70, -73, -69, -63, -70, -74, -65, -69]",7
001406300000,1443690034067.219971,"[-48, -45, -45, -47, -50, -45, -45, -47]",40
b4cef66b85ef,1443690034081.968018,"[-68, -71, -68, -61, -72, -75, -67, -70]",7
400e855952ae,1443690034087.977051,"[-71, -77, -70, -78, -74, -75, -74, -77]",7
b4cef66b85ef,1443690034103.300049,"[-70, -71, -69, -63, -72, -75, -66, -68]",7
001406283590,1443690034117.095947,"[-70, -73, -68, -62, -72, -75, -68, -69]",7
001406383590,1443690034136.604004,"[-49, -46, -51, -49, -47, -47, -47, -48]",40
b4cef66b85ef,1443690034137.997070,"[-44, -44, -44, -44, -46, -45, -46, -44]",7
3c46d81ced78,1443690034192.810059,"[-68, -70, -66, -58, -69, -73, -65, -66]",7
001406283590,1443690034219.465088,"[-53, -58, -62, -62, -61, -59, -64, -52]",7
001406300000,1443690034271.976074,"[-48, -45, -45, -47, -50, -45, -45, -47]",40
3c46d81ced78,1443690034295.224121,"[-71, -77, -70, -80, -74, -77, -78, -77]",7
001406283590,1443690034321.968994,"[-71, -78, -71, -80, -74, -76, -77, -76]",7
001406383590,1443690034341.437012,"[-49, -46, -51, -49, -47, -47, -47, -48]",40
3c46d81ced78,1443690034397.570068,"[-44, -44, -44, -44, -46, -45, -46, -44]",7
001406283590,1443690034424.450928,"[-53, -58, -61, -61, -62, -59, -60, -52]",7
001406300000,1443690034476.903076,"[-48, -46, -45, -47, -49, -45, -45, -47]",40
3c46d81ced78,1443690034500.020020,"[-44, -44, -44, -44, -46, -45, -46, -44]",7
001406283590,1443690034537.197998,"[-53, -58, -62, -60, -62, -59, -62, -52]",7
001406383590,1443690034546.277100,"[-49, -46, -50, -49, -47, -47, -47, -47]",40
3c46d81ced78,1443690034602.476074,"[-44, -44, -44, -44, -46, -45, -46, -44]",7
001406283590,1443690034629.129883,"[-53, -58, -62, -62, -62, -59, -64, -53]",7
001406300000,1443690034681.673096,"[-48, -46, -44, -47, -49, -45, -45, -47]",40
2016d8dba208,1443690034685.292969,"[-47, -47, -50, -49, -51, -48, -52, -46]",7
3c46d81ced78,1443690034704.877930,"[-45, -45, -49, -48, -48, -45, -51, -44]",7
001406283590,1443690034731.622070,"[-53, -57, -63, -62, -61, -59, -64, -52]",7
2016d8dba208,1443690034741.321045,"[-44, -44, -44, -44, -46, -45, -47, -44]",7
3c46d81ced78,1443690034746.298096,"[-44, -45, -49, -50, -48, -45, -51, -44]",7
001406383590,1443690034751.065918,"[-49, -46, -51, -49, -47, -47, -47, -47]",40
2016d8dba208,1443690034797.209961,"[-44, -45, -49, -50, -48, -45, -51, -44]",7
3c46d81ced78,1443690034802.027100,"[-47, -47, -51, -50, -50, -48, -52, -46]",7
001406283590,1443690034833.979980,"[-53, -57, -62, -62, -62, -59, -64, -53]",7
001406300000,1443690034886.558105,"[-48, -45, -45, -47, -50, -45, -45, -47]",40
f02765408a10,1443690034907.798096,"[-44, -44, -44, -44, -46, -45, -46, -44]",7
001406283590,1443690034936.381104,"[-53, -56, -62, -62, -62, -59, -64, -52]",7
001406383590,1443690034955.924072,"[-49, -46, -51, -49, -47, -47, -47, -47]",40
24e31450bada,1443690035006.312012,"[-44, -44, -44, -44, -47, -45, -46, -44]",7
24e31450bada,1443690035045.092041,"[-71, -72, -69, -65, -70, -76, -66, -64]",7
001406283590,1443690035045.137939,"[-54, -57, -63, -63, -62, -60, -65, -53]",7
001406300000,1443690035091.367920,"[-48, -45, -45, -47, -49, -45, -45, -46]",40
3c46d81ced78,1443690035114.460938,"[-44, -44, -44, -44, -47, -45, -46, -44]",7
001406283590,1443690035141.149902,"[-53, -56, -62, -62, -61, -59, -64, -52]",7
001406383590,1443690035160.688965,"[-49, -46, -50, -49, -47, -47, -47, -48]",40
3c46d81ced78,1443690035216.926025,"[-44, -44, -44, -44, -47, -45, -46, -44]",7
001406283590,1443690035243.589111,"[-53, -56, -61, -61, -61, -58, -61, -53]",7
24e31450bada,1443690035283.166016,"[-44, -44, -44, -44, -47, -45, -46, -44]",7
24e31450bada,1443690035290.085938,"[-70, -75, -68, -65, -72, -75, -73, -71]",7
001406300000,1443690035296.107910,"[-48, -45, -45, -47, -49, -45, -45, -47]",40
3c46d81ced78,1443690035319.293945,"[-70, -75, -68, -65, -73, -76, -73, -72]",7
001406283590,1443690035346.004883,"[-53, -56, -62, -62, -62, -58, -63, -52]",7
2016d8dba208,1443690035352.591064,"[-49, -46, -50, -49, -47, -47, -47, -48]",40
001406383590,1443690035365.548096,"[-54, -54, -46, -49, -58, -54, -46, -55]",40
3c46d81ced78,1443690035421.820068,"[-44, -44, -44, -44, -47, -45, -46, -44]",7
001406283590,1443690035448.464111,"[-53, -56, -61, -62, -62, -58, -64, -53]",7
001406300000,1443690035500.985107,"[-48, -45, -45, -47, -49, -45, -45, -46]",40
3c46d81ced78,1443690035524.191895,"[-44, -44, -44, -44, -47, -45, -46, -44]",7
001406283590,1443690035561.335938,"[-53, -56, -61, -59, -62, -58, -62, -52]",7
001406383590,1443690035570.493896,"[-49, -46, -51, -49, -47, -47, -47, -48]",40
3c46d81ced78,1443690035626.669922,"[-44, -44, -44, -44, -47, -45, -46, -44]",7
001406283590,1443690035653.385010,"[-53, -56, -62, -62, -62, -58, -63, -53]",7
001406300000,1443690035705.790039,"[-48, -46, -44, -47, -49, -46, -45, -47]",40
3c46d81ced78,1443690035728.996094,"[-44, -44, -44, -44, -47, -45, -46, -44]",7
001406283590,1443690035755.795898,"[-54, -57, -62, -62, -62, -59, -63, -52]",7
001406383590,1443690035775.313965,"[-49, -46, -51, -49, -47, -47, -47, -48]",40
3c46d81ced78,1443690035831.426025,"[-44, -44, -44, -44, -46, -45, -47, -44]",7
001406283590,1443690035858.199951,"[-53, -56, -62, -62, -62, -58, -63, -52]",7
001406300000,1443690035910.599121,"[-48, -45, -44, -47, -49, -45, -45, -46]",40
3c46d81ced78,1443690035933.814941,"[-44, -44, -44, -44, -46, -45, -46, -44]",7
24e31450bada,1443690035942.809082,"[-49, -46, -50, -48, -47, -47, -47, -47]",40
001406283590,1443690035960.652100,"[-53, -57, -62, -62, -62, -59, -63, -53]",7
001406383590,1443690035980.079102,"[-77, -73, -70, -73, -77, -80, -73, -78]",40
3c46d81ced78,1443690036036.199951,"[-44, -44, -44, -44, -47, -45, -46, -44]",7
001406283590,1443690036073.141113,"[-53, -57, -62, -63, -63, -59, -63, -53]",7
001406300000,1443690036115.403076,"[-48, -45, -45, -47, -50, -45, -45, -47]",40
3c46d81ced78,1443690036138.591064,"[-44, -44, -44, -44, -47, -45, -47, -44]",7
5635ee9fc4a6,1443690036145.875000,"[-54, -57, -62, -62, -63, -58, -63, -53]",7
001406283590,1443690036165.281006,"[-70, -74, -62, -66, -72, -72, -61, -71]",7
001406383590,1443690036184.806885,"[-49, -46, -50, -49, -47, -47, -47, -47]",40
f0d1a9656a17,1443690036194.941895,"[-48, -45, -45, -47, -49, -45, -45, -47]",40
f0d1a9656a17,1443690036215.624023,"[-67, -66, -68, -59, -79, -81, -66, -61]",40
3c46d81ced78,1443690036241.010010,"[-44, -44, -44, -44, -46, -45, -47, -44]",7
001406283590,1443690036267.764893,"[-53, -56, -62, -62, -63, -58, -63, -52]",7
001406300000,1443690036320.322021,"[-69, -67, -70, -61, -79, -81, -69, -62]",40
3c46d81ced78,1443690036343.474121,"[-44, -44, -44, -44, -47, -45, -46, -44]",7
001406283590,1443690036370.289062,"[-53, -57, -62, -62, -62, -59, -63, -52]",7
001406383590,1443690036389.670898,"[-49, -46, -50, -48, -47, -47, -47, -48]",40
acfdec72661b,1443690036427.811035,"[-70, -77, -67, -66, -72, -72, -67, -72]",7
3c46d81ced78,1443690036445.783936,"[-68, -64, -55, -61, -69, -66, -56, -71]",7
acfdec72661b,1443690036470.350098,"[-53, -57, -62, -62, -62, -59, -64, -52]",7
001406283590,1443690036472.541992,"[-69, -65, -55, -62, -68, -66, -57, -71]",7
acfdec72661b,1443690036512.620117,"[-44, -44, -44, -44, -47, -45, -46, -44]",7
001406300000,1443690036525.201904,"[-48, -45, -45, -47, -49, -45, -45, -47]",40
3c46d81ced78,1443690036548.259033,"[-70, -73, -66, -71, -62, -68, -52, -62]",7
acfdec72661b,1443690036585.174072,"[-54, -57, -62, -62, -62, -58, -63, -53]",7
001406283590,1443690036585.245117,"[-67, -65, -63, -61, -61, -65, -50, -58]",7
001406383590,1443690036594.583984,"[-49, -46, -50, -49, -47, -47, -47, -48]",40
507a556151f5,1443690036599.852051,"[-67, -70, -65, -70, -61, -66, -50, -60]",7
a0999b73dfd8,1443690036675.581055,"[-53, -57, -62, -62, -62, -58, -62, -52]",7
a0999b73dfd8,1443690036695.852051,"[-59, -55, -50, -64, -69, -59, -71, -71]",7
001406300000,1443690036729.871094,"[-48, -45, -45, -47, -50, -45, -45, -47]",40
a0999b73dfd8,1443690036736.656982,"[-59, -55, -50, -63, -68, -60, -71, -70]",7
3c46d81ced78,1443690036753.032959,"[-59, -55, -50, -63, -69, -61, -71, -70]",7
001406283590,1443690036779.791016,"[-53, -56, -62, -62, -62, -58, -63, -53]",7
001406383590,1443690036799.302002,"[-49, -46, -50, -49, -47, -47, -47, -48]",40
3c46d81ced78,1443690036855.532959,"[-67, -65, -57, -62, -67, -62, -61, -66]",7
001406283590,1443690036882.238037,"[-53, -56, -61, -60, -62, -59, -63, -52]",7
507a556151f5,1443690036891.502930,"[-48, -45, -45, -47, -50, -45, -45, -47]",40
001406300000,1443690036934.672119,"[-72, -64, -71, -56, -71, -75, -64, -66]",40
3c46d81ced78,1443690036957.864990,"[-44, -44, -44, -44, -46, -45, -46, -44]",7
a0999b73dfd8,1443690036979.739014,"[-53, -57, -62, -62, -62, -59, -64, -52]",7
001406283590,1443690036984.599121,"[-61, -58, -52, -65, -69, -59, -71, -68]",7
a0999b73dfd8,1443690036999.884033,"[-61, -58, -52, -66, -69, -59, -72, -68]",7
001406383590,1443690037004.115967,"[-49, -46, -50, -49, -47, -47, -47, -47]",40
acfdec72661b,1443690037023.789062,"[-48, -45, -45, -47, -50, -45, -45, -46]",40
a4c3612f032e,1443690037073.455078,"[-77, -74, -78, -68, -76, -81, -73, -68]",40
001406283590,1443690037101.303955,"[-53, -57, -61, -61, -61, -59, -61, -53]",7
001406300000,1443690037139.581055,"[-74, -78, -71, -72, -79, -77, -71, -79]",40
3c46d81ced78,1443690037162.724121,"[-44, -44, -44, -44, -47, -45, -46, -44]",7
001406283590,1443690037189.430908,"[-53, -57, -62, -62, -62, -58, -63, -52]",7
001406383590,1443690037208.989990,"[-49, -46, -50, -49, -47, -47, -47, -47]",40
3c46d81ced78,1443690037265.104004,"[-44, -44, -44, -44, -47, -45, -46, -44]",7
001406283590,1443690037291.864990,"[-53, -57, -62, -62, -62, -59, -63, -53]",7
001406300000,1443690037344.305908,"[-48, -46, -45, -47, -50, -46, -45, -47]",40
3c46d81ced78,1443690037367.735107,"[-44, -44, -44, -44, -47, -45, -46, -44]",7
001406283590,1443690037394.243896,"[-53, -57, -62, -59, -62, -59, -64, -52]",7
001406383590,1443690037413.780029,"[-49, -46, -50, -49, -47, -47, -47, -47]",40
3c46d81ced78,1443690037469.920898,"[-44, -44, -44, -44, -46, -45, -46, -44]",7
001406283590,1443690037496.674072,"[-53, -57, -62, -62, -61, -58, -64, -52]",7
001406300000,1443690037549.174072,"[-48, -45, -45, -47, -49, -46, -45, -46]",40
3c46d81ced78,1443690037572.357910,"[-44, -44, -44, -44, -46, -45, -46, -44]",7
001406283590,1443690037613.135986,"[-53, -57, -62, -62, -62, -59, -63, -52]",7
001406383590,1443690037618.697998,"[-49, -46, -50, -49, -47, -47, -47, -47]",40
3c46d81ced78,1443690037674.764893,"[-44, -44, -44, -44, -46, -45, -46, -44]",7
001406283590,1443690037701.547119,"[-53, -57, -62, -62, -61, -59, -64, -52]",7
001406300000,1443690037753.972900,"[-48, -45, -45, -47, -49, -45, -45, -46]",40
5635ee9fc4a6,1443690037765.687012,"[-49, -46, -50, -49, -47, -47, -46, -47]",40
3c46d81ced78,1443690037777.132080,"[-44, -44, -44, -44, -46, -45, -47, -44]",7
001406283590,1443690037804.066895,"[-54, -57, -63, -62, -62, -59, -64, -53]",7
001406383590,1443690037823.391113,"[-78, -76, -77, -71, -78, -82, -74, -71]",40
3c46d81ced78,1443690037879.547119,"[-44, -44, -44, -44, -46, -45, -47, -44]",7
001406283590,1443690037906.323975,"[-53, -57, -62, -62, -61, -59, -64, -52]",7
001406300000,1443690037958.834961,"[-48, -45, -45, -47, -50, -45, -45, -47]",40
3c46d81ced78,1443690037982.013916,"[-44, -44, -44, -44, -46, -45, -47, -44]",7
001406283590,1443690038008.724121,"[-54, -57, -63, -62, -62, -59, -63, -53]",7
001406383590,1443690038028.217041,"[-49, -46, -50, -49, -47, -47, -47, -48]",40
3c46d81ced78,1443690038084.479004,"[-44, -44, -44, -44, -46, -45, -47, -44]",7
001406283590,1443690038125.152100,"[-53, -56, -61, -60, -61, -59, -63, -52]",7
001406300000,1443690038163.607910,"[-48, -45, -45, -47, -49, -45, -45, -47]",40
3c46d81ced78,1443690038187.001953,"[-44, -44, -44, -44, -46, -45, -47, -44]",7
001406283590,1443690038213.635010,"[-54, -57, -62, -62, -61, -59, -62, -53]",7
001406383590,1443690038233.142090,"[-49, -46, -50, -49, -47, -47, -47, -47]",40
3c46d81ced78,1443690038289.201904,"[-70, -73, -67, -64, -66, -73, -60, -67]",7
001406283590,1443690038316.016113,"[-53, -57, -62, -61, -61, -59, -62, -53]",7
001406300000,1443690038368.606934,"[-48, -45, -45, -47, -49, -45, -45, -47]",40
3c46d81ced78,1443690038391.608887,"[-44, -44, -44, -44, -47, -45, -46, -44]",7
001406283590,1443690038418.663086,"[-53, -57, -62, -62, -60, -59, -64, -53]",7
001406383590,1443690038438.002930,"[-49, -46, -50, -49, -47, -47, -47, -47]",40
00cd72ceaa8a,1443690038461.814941,"[-44, -44, -44, -44, -46, -45, -46, -44]",7
a039f740196f,1443690038481.897949,"[-68, -70, -69, -75, -67, -76, -73, -73]",7
3c46d81ced78,1443690038494.049072,"[-68, -73, -67, -63, -70, -67, -68, -55]",7
001406283590,1443690038520.785889,"[-53, -57, -62, -62, -60, -59, -64, -53]",7
a039f740196f,1443690038567.750000,"[-44, -44, -44, -44, -46, -45, -46, -44]",7
001406300000,1443690038573.257080,"[-48, -45, -45, -47, -49, -45, -45, -47]",40
3c46d81ced78,1443690038596.433105,"[-70, -74, -68, -64, -70, -67, -72, -56]",7
001406283590,1443690038633.193115,"[-53, -57, -61, -59, -59, -59, -59, -52]",7
001406383590,1443690038642.714111,"[-49, -46, -51, -50, -47, -47, -47, -48]",40
3c46d81ced78,1443690038698.947998,"[-44, -44, -44, -44, -46, -45, -47, -44]",7
001406283590,1443690038725.666016,"[-54, -58, -62, -62, -60, -59, -64, -53]",7
001406300000,1443690038778.064941,"[-48, -45, -45, -47, -49, -45, -45, -47]",40
3c46d81ced78,1443690038801.507080,"[-44, -44, -44, -44, -47, -45, -46, -44]",7
001406283590,1443690038828.030029,"[-53, -57, -62, -62, -60, -58, -63, -52]",7
001406383590,1443690038847.595947,"[-49, -46, -50, -50, -47, -47, -47, -47]",40
3c46d81ced78,1443690038903.782959,"[-44, -44, -44, -44, -47, -45, -46, -44]",7
001406283590,1443690038930.478027,"[-53, -57, -62, -62, -60, -58, -63, -53]",7
001406300000,1443690038982.998047,"[-48, -45, -45, -47, -50, -45, -45, -46]",40
3c46d81ced78,1443690039006.253906,"[-44, -44, -44, -44, -47, -45, -46, -44]",7
001406283590,1443690039032.875000,"[-53, -57, -62, -62, -61, -58, -63, -52]",7
001406383590,1443690039052.580078,"[-49, -46, -50, -48, -47, -47, -47, -47]",40
3c46d81ced78,1443690039108.522949,"[-44, -44, -44, -44, -47, -45, -46, -44]",7
001406283590,1443690039145.133057,"[-53, -57, -62, -62, -61, -58, -63, -52]",7
001406300000,1443690039187.895020,"[-48, -45, -45, -47, -50, -45, -45, -47]",40
3c46d81ced78,1443690039210.925049,"[-44, -44, -44, -44, -47, -45, -47, -44]",7
a039f740196f,1443690039225.149902,"[-49, -46, -50, -49, -47, -47, -47, -47]",40
f409d8d6d641,1443690039225.204102,"[-78, -74, -61, -76, -76, -79, -64, -78]",40
5cf8a1830d79,1443690039225.212891,"[-77, -74, -76, -67, -76, -80, -72, -73]",40
001406283590,1443690039237.750000,"[-53, -57, -62, -62, -61, -58, -63, -52]",7
a039f740196f,1443690039265.202881,"[-74, -74, -75, -73, -78, -74, -72, -77]",40
f409d8d6d641,1443690039265.249023,"[-77, -75, -62, -76, -77, -79, -64, -78]",40
001406383590,1443690039265.262939,"[-78, -73, -76, -68, -76, -80, -73, -73]",40
3c46d81ced78,1443690039313.404053,"[-70, -76, -54, -75, -72, -67, -60, -73]",7
001406283590,1443690039340.135986,"[-53, -57, -62, -62, -61, -58, -63, -53]",7
001406300000,1443690039392.724121,"[-75, -74, -74, -72, -78, -74, -72, -77]",40
3c46d81ced78,1443690039415.775879,"[-44, -44, -44, -44, -47, -45, -46, -44]",7
001406283590,1443690039442.697021,"[-53, -57, -62, -62, -61, -58, -63, -53]",7
001406383590,1443690039462.163086,"[-49, -46, -50, -49, -48, -47, -47, -48]",40
3c46d81ced78,1443690039518.194092,"[-44, -44, -44, -44, -47, -45, -46, -44]",7
001406283590,1443690039545.106934,"[-53, -56, -62, -62, -61, -58, -63, -52]",7
001406300000,1443690039597.466064,"[-48, -45, -45, -47, -49, -45, -45, -46]",40
3c46d81ced78,1443690039620.709961,"[-44, -44, -44, -44, -47, -45, -46, -44]",7
001406283590,1443690039661.231934,"[-53, -57, -62, -62, -62, -58, -63, -52]",7
001406383590,1443690039666.879883,"[-49, -46, -50, -49, -47, -47, -47, -47]",40
3c46d81ced78,1443690039723.118896,"[-44, -44, -44, -44, -46, -45, -46, -44]",7
001406283590,1443690039749.820068,"[-53, -56, -61, -59, -61, -58, -61, -52]",7
001406300000,1443690039802.293945,"[-48, -45, -45, -47, -50, -45, -45, -47]",40
3c46d81ced78,1443690039825.516113,"[-44, -44, -44, -44, -46, -45, -46, -44]",7
001406283590,1443690039852.150879,"[-53, -57, -62, -61, -62, -58, -62, -52]",7
001406383590,1443690039871.739014,"[-49, -46, -50, -49, -47, -47, -47, -48]",40
3c46d81ced78,1443690039927.949951,"[-44, -44, -44, -44, -47, -45, -46, -44]",7
001406283590,1443690039954.733887,"[-53, -57, -62, -62, -62, -58, -62, -52]",7
001406300000,1443690040007.146973,"[-48, -45, -45, -47, -49, -45, -45, -47]",40
24e31450bada,1443690040023.672119,"[-49, -46, -50, -49, -47, -47, -47, -47]",40
3c46d81ced78,1443690040030.211914,"[-44, -44, -44, -44, -47, -45, -46, -44]",7
001406283590,1443690040057.010986,"[-53, -57, -62, -62, -62, -58, -63, -52]",7
001406383590,1443690040076.498047,"[-73, -72, -63, -64, -76, -78, -65, -75]",40
3c46d81ced78,1443690040132.648926,"[-44, -44, -44, -44, -47, -45, -46, -44]",7
069f3836b2ea,1443690040157.541016,"[-48, -45, -45, -47, -49, -45, -45, -47]",40
001406283590,1443690040173.318115,"[-53, -57, -62, -62, -62, -58, -63, -52]",7
001406300000,1443690040211.855957,"[-68, -73, -74, -68, -74, -80, -71, -66]",40
3c46d81ced78,1443690040235.038086,"[-44, -44, -44, -44, -47, -45, -46, -44]",7
001406283590,1443690040261.810059,"[-52, -57, -61, -62, -61, -58, -60, -52]",7
001406383590,1443690040281.395020,"[-49, -46, -50, -49, -47, -47, -47, -48]",40
001ead7e54e1,1443690040324.800049,"[-44, -44, -44, -44, -47, -45, -46, -44]",7
3c46d81ced78,1443690040337.440918,"[-69, -74, -65, -73, -70, -74, -68, -69]",7
001ead7e54e1,1443690040355.110107,"[-69, -71, -64, -70, -68, -71, -66, -66]",7
001406283590,1443690040364.221924,"[-70, -70, -64, -70, -70, -72, -66, -67]",7
001ead7e54e1,1443690040398.733887,"[-44, -44, -44, -44, -47, -45, -46, -44]",7
507a556151f5,1443690040415.791992,"[-70, -68, -61, -65, -72, -73, -63, -71]",7
001406300000,1443690040416.687988,"[-48, -45, -45, -47, -49, -45, -45, -47]",40
3c46d81ced78,1443690040439.874023,"[-68, -68, -62, -65, -70, -65, -54, -69]",7
507a556151f5,1443690040458.247070,"[-53, -57, -62, -62, -61, -59, -64, -52]",7
001406283590,1443690040466.664062,"[-67, -69, -64, -64, -67, -66, -54, -69]",7
507a556151f5,1443690040484.740967,"[-44, -44, -44, -44, -47, -45, -46, -44]",7
001406383590,1443690040486.178955,"[-49, -46, -50, -49, -47, -47, -47, -47]",40
3c46d81ced78,1443690040542.340088,"[-69, -70, -64, -71, -69, -66, -53, -68]",7
001406283590,1443690040569.062988,"[-53, -57, -62, -62, -61, -59, -63, -53]",7
001406300000,1443690040621.565918,"[-48, -45, -45, -47, -49, -45, -45, -46]",40
3c46d81ced78,1443690040644.709961,"[-44, -44, -44, -44, -47, -45, -46, -44]",7
001406283590,1443690040685.116943,"[-53, -56, -60, -58, -61, -58, -61, -52]",7
001406383590,1443690040691.064941,"[-48, -46, -50, -49, -47, -47, -46, -47]",40
a0999b73dfd8,1443690040729.284912,"[-44, -44, -44, -44, -47, -45, -46, -44]",7
3c46d81ced78,1443690040747.072998,"[-68, -66, -62, -72, -71, -67, -73, -73]",7
001406283590,1443690040773.867920,"[-67, -66, -62, -74, -73, -67, -76, -74]",7
001406300000,1443690040826.496094,"[-48, -45, -45, -47, -49, -45, -45, -46]",40
3c46d81ced78,1443690040849.606934,"[-44, -44, -44, -44, -47, -45, -46, -44]",7
001406283590,1443690040876.386963,"[-53, -57, -62, -62, -61, -59, -64, -52]",7
001406383590,1443690040895.792969,"[-49, -46, -50, -49, -47, -47, -47, -47]",40
507a556151f5,1443690040897.715088,"[-44, -44, -44, -44, -47, -45, -46, -44]",7
3c46d81ced78,1443690040951.923096,"[-70, -73, -66, -71, -73, -71, -59, -73]",7
001406283590,1443690040978.708984,"[-53, -56, -61, -61, -61, -58, -59, -52]",7
507a556151f5,1443690040979.885986,"[-48, -45, -45, -47, -49, -45, -45, -46]",40
001406300000,1443690041031.201904,"[-76, -67, -72, -62, -74, -79, -67, -68]",40
3c46d81ced78,1443690041054.327881,"[-44, -44, -44, -44, -47, -45, -46, -44]",7
001406283590,1443690041081.158936,"[-53, -57, -62, -62, -61, -58, -64, -52]",7
001406383590,1443690041100.600098,"[-49, -46, -50, -49, -47, -47, -47, -47]",40
3c46d81ced78,1443690041156.892090,"[-44, -44, -44, -44, -47, -45, -46, -44]",7
001406283590,1443690041197.126953,"[-53, -56, -62, -62, -61, -58, -63, -52]",7
a0999b73dfd8,1443690041204.388916,"[-44, -44, -44, -44, -47, -45, -46, -44]",7
001406300000,1443690041236.030029,"[-49, -45, -45, -47, -49, -45, -45, -47]",40
3c46d81ced78,1443690041259.229980,"[-65, -61, -55, -67, -72, -67, -74, -71]",7
a0999b73dfd8,1443690041266.487061,"[-49, -46, -50, -49, -47, -47, -47, -47]",40
001406283590,1443690041286.029053,"[-53, -56, -62, -62, -62, -58, -63, -52]",7
a0999b73dfd8,1443690041286.927002,"[-67, -76, -74, -72, -71, -80, -68, -74]",40
001406383590,1443690041305.518066,"[-66, -76, -74, -72, -70, -80, -68, -73]",40
3c46d81ced78,1443690041361.600098,"[-44, -44, -44, -44, -47, -45, -46, -44]",7
001406283590,1443690041388.413086,"[-53, -56, -61, -59, -61, -58, -60, -52]",7
001406300000,1443690041440.835938,"[-48, -45, -45, -47, -49, -45, -45, -46]",40
3c46d81ced78,1443690041464.028076,"[-44, -44, -44, -44, -47, -45, -46, -44]",7
001406283590,1443690041490.895996,"[-53, -56, -62, -61, -62, -58, -62, -52]",7
001406383590,1443690041510.333984,"[-49, -46, -50, -49, -47, -47, -47, -47]",40
3c46d81ced78,1443690041566.389893,"[-44, -44, -44, -44, -47, -45, -46, -44]",7
001406283590,1443690041593.216064,"[-53, -56, -61, -61, -62, -58, -62, -52]",7
001406300000,1443690041645.607910,"[-48, -46, -45, -47, -50, -45, -45, -47]",40
3c46d81ced78,1443690041668.779053,"[-44, -44, -44, -44, -47, -45, -46, -44]",7
001406283590,1443690041709.228027,"[-53, -56, -62, -62, -62, -58, -63, -52]",7
001406383590,1443690041715.264893,"[-49, -46, -50, -50, -47, -47, -47, -47]",40
3c46d81ced78,1443690041771.225098,"[-44, -44, -44, -44, -47, -45, -46, -44]",7
001406283590,1443690041798.042969,"[-53, -56, -61, -61, -61, -57, -61, -52]",7
001406300000,1443690041850.551025,"[-48, -45, -45, -47, -49, -45, -45, -46]",40
3c46d81ced78,1443690041873.785889,"[-44, -44, -44, -44, -47, -45, -46, -44]",7
001406283590,1443690041900.426025,"[-53, -56, -61, -61, -61, -58, -62, -52]",7
001406383590,1443690041919.955078,"[-49, -46, -50, -50, -47, -47, -47, -47]",40
10a5d06e66a7,1443690041961.836914,"[-44, -44, -44, -44, -47, -45, -46, -44]",7
3c46d81ced78,1443690041976.166016,"[-62, -60, -58, -50, -67, -70, -56, -60]",7
001406283590,1443690042002.948975,"[-53, -56, -61, -58, -61, -58, -62, -51]",7
10a5d06e66a7,1443690042046.406006,"[-44, -44, -44, -44, -47, -45, -46, -44]",7
001406300000,1443690042055.342041,"[-48, -45, -45, -47, -50, -45, -45, -47]",40
3c46d81ced78,1443690042078.483887,"[-56, -56, -55, -48, -63, -66, -55, -56]",7
10a5d06e66a7,1443690042088.623047,"[-53, -57, -62, -62, -61, -58, -63, -52]",7
001406283590,1443690042105.418945,"[-58, -57, -56, -49, -66, -67, -56, -58]",7
001406383590,1443690042124.738037,"[-49, -46, -50, -49, -47, -47, -47, -47]",40
10a5d06e66a7,1443690042131.840088,"[-44, -44, -44, -44, -47, -45, -46, -44]",7
3c46d81ced78,1443690042180.915039,"[-57, -57, -55, -47, -66, -66, -57, -59]",7
10a5d06e66a7,1443690042221.208008,"[-53, -57, -62, -62, -62, -58, -63, -52]",7
001406283590,1443690042221.263916,"[-59, -59, -56, -48, -65, -66, -56, -59]",7
10a5d06e66a7,1443690042221.302002,"[-44, -44, -44, -44, -47, -45, -46, -44]",7
eebc79b13e8b,1443690042251.448975,"[-48, -45, -45, -47, -49, -45, -45, -47]",40
10a5d06e66a7,1443690042258.797119,"[-59, -59, -56, -48, -65, -66, -60, -63]",7
001406300000,1443690042260.218018,"[-78, -75, -74, -71, -76, -81, -70, -75]",40
3c46d81ced78,1443690042283.343018,"[-61, -61, -58, -50, -66, -67, -61, -66]",7
10a5d06e66a7,1443690042302.364990,"[-53, -57, -62, -62, -61, -58, -63, -52]",7
001406283590,1443690042310.209961,"[-64, -68, -62, -54, -68, -72, -65, -69]",7
001406383590,1443690042329.683105,"[-49, -46, -50, -49, -47, -47, -47, -47]",40
10a5d06e66a7,1443690042343.665039,"[-44, -44, -44, -44, -47, -45, -46, -44]",7
3c46d81ced78,1443690042385.779053,"[-65, -69, -63, -55, -69, -73, -66, -70]",7
c4438f5bbe0a,1443690042405.816895,"[-53, -57, -62, -62, -61, -58, -63, -52]",7
001406283590,1443690042412.543945,"[-70, -70, -64, -78, -73, -70, -76, -76]",7
c4438f5bbe0a,1443690042435.812012,"[-44, -44, -44, -44, -47, -45, -46, -44]",7
c4438f5bbe0a,1443690042448.539062,"[-67, -66, -59, -71, -72, -64, -72, -73]",7
001406300000,1443690042465.012939,"[-48, -45, -45, -47, -50, -45, -45, -47]",40
c4438f5bbe0a,1443690042470.852051,"[-67, -66, -59, -74, -71, -63, -72, -73]",7
3c46d81ced78,1443690042488.219971,"[-67, -64, -58, -71, -71, -63, -71, -72]",7
c4438f5bbe0a,1443690042491.202881,"[-53, -57, -62, -62, -61, -58, -63, -52]",7
001406283590,1443690042514.956055,"[-66, -64, -58, -73, -71, -63, -73, -73]",7
c4438f5bbe0a,1443690042534.313965,"[-62, -61, -56, -62, -64, -62, -60, -62]",7
001406383590,1443690042534.451904,"[-49, -46, -50, -49, -47, -47, -47, -47]",40
3c46d81ced78,1443690042590.627930,"[-67, -65, -58, -69, -72, -69, -65, -70]",7
001406283590,1443690042617.402100,"[-53, -57, -62, -62, -61, -58, -64, -52]",7
001406300000,1443690042669.915039,"[-48, -45, -45, -47, -49, -45, -45, -46]",40
3c46d81ced78,1443690042693.077881,"[-44, -44, -44, -44, -47, -45, -46, -44]",7
001406283590,1443690042733.204102,"[-53, -57, -62, -62, -61, -58, -63, -52]",7
001406383590,1443690042739.270020,"[-49, -46, -50, -49, -47, -47, -47, -47]",40
3c46d81ced78,1443690042795.406006,"[-44, -44, -44, -44, -47, -45, -46, -44]",7
10a5d06e66a7,1443690042812.646973,"[-48, -45, -45, -47, -50, -45, -45, -47]",40
001406283590,1443690042822.299072,"[-53, -57, -61, -60, -61, -58, -60, -52]",7
10a5d06e66a7,1443690042854.227051,"[-76, -73, -73, -64, -77, -78, -67, -73]",40
001406300000,1443690042874.575928,"[-77, -74, -73, -65, -77, -79, -68, -74]",40
3c46d81ced78,1443690042897.787109,"[-44, -44, -44, -44, -47, -45, -46, -44]",7
001406283590,1443690042924.729004,"[-53, -57, -62, -62, -61, -58, -64, -52]",7
001406383590,1443690042944.194092,"[-49, -46, -50, -49, -47, -47, -47, -47]",40
3c46d81ced78,1443690043000.224121,"[-44, -44, -44, -44, -47, -45, -46, -44]",7
001406283590,1443690043027.102051,"[-53, -58, -62, -62, -61, -59, -64, -52]",7
001406300000,1443690043079.418945,"[-48, -45, -45, -47, -50, -45, -45, -47]",40
3c46d81ced78,1443690043102.580078,"[-44, -44, -44, -44, -47, -45, -46, -44]",7
001406283590,1443690043129.452881,"[-53, -57, -62, -62, -60, -59, -64, -52]",7
001406383590,1443690043148.909912,"[-49, -46, -50, -49, -47, -47, -47, -47]",40
3c46d81ced78,1443690043205.124023,"[-44, -44, -44, -44, -47, -45, -46, -44]",7
001406283590,1443690043245.226074,"[-53, -57, -62, -62, -61, -59, -64, -52]",7
001406300000,1443690043284.291016,"[-48, -46, -45, -47, -49, -46, -45, -47]",40
3c46d81ced78,1443690043307.529053,"[-44, -44, -44, -44, -47, -45, -46, -44]",7
001406283590,1443690043334.250000,"[-53, -56, -61, -59, -61, -58, -60, -52]",7
001406383590,1443690043353.650879,"[-49, -46, -50, -49, -47, -47, -47, -47]",40
3c46d81ced78,1443690043409.958984,"[-44, -44, -44, -44, -47, -45, -46, -44]",7
001406283590,1443690043436.680908,"[-52, -56, -62, -62, -61, -58, -63, -52]",7
001406300000,1443690043489.190918,"[-48, -45, -45, -47, -49, -45, -45, -46]",40
3c46d81ced78,1443690043512.345947,"[-44, -44, -44, -44, -47, -45, -46, -44]",7
001406283590,1443690043539.125000,"[-53, -56, -62, -62, -61, -58, -64, -52]",7
001406383590,1443690043558.645996,"[-49, -46, -50, -49, -47, -47, -47, -47]",40
3c46d81ced78,1443690043614.708008,"[-44, -44, -44, -44, -47, -45, -46, -44]",7
001406283590,1443690043641.621094,"[-53, -56, -61, -60, -60, -58, -60, -52]",7
001406300000,1443690043694.004883,"[-48, -46, -45, -47, -50, -46, -45, -47]",40
3c46d81ced78,1443690043717.120117,"[-44, -44, -44, -44, -48, -45, -46, -44]",7
001406383590,1443690043763.419922,"[-49, -46, -50, -49, -47, -47, -47, -47]",40
001406300000,1443690043898.852051,"[-48, -45, -45, -47, -49, -45, -45, -46]",40
001406283590,1443690043920.337891,"[-53, -56, -61, -59, -60, -58, -59, -52]",7
3c46d81ced78,1443690043920.376953,"[-44, -44, -44, -44, -47, -45, -46, -44]",7
001406283590,1443690043920.394043,"[-53, -56, -62, -62, -61, -59, -63, -52]",7
3c46d81ced78,1443690043921.879883,"[-44, -44, -44, -44, -47, -45, -46, -44]",7
001406283590,1443690043948.729980,"[-54, -57, -62, -62, -62, -59, -64, -53]",7
001406383590,1443690043968.193115,"[-49, -46, -50, -48, -47, -47, -47, -47]",40
3c46d81ced78,1443690044024.393066,"[-44, -44, -44, -44, -47, -45, -46, -44]",7
001406283590,1443690044051.113037,"[-53, -56, -61, -58, -61, -58, -58, -52]",7
001406300000,1443690044103.595947,"[-48, -45, -45, -47, -50, -45, -45, -47]",40
3c46d81ced78,1443690044126.769043,"[-44, -44, -44, -44, -47, -45, -46, -44]",7
001406283590,1443690044153.589111,"[-53, -56, -61, -62, -62, -59, -62, -52]",7
001406383590,1443690044172.966064,"[-49, -46, -50, -49, -47, -47, -47, -47]",40
3c46d81ced78,1443690044229.131104,"[-44, -44, -44, -44, -47, -45, -46, -44]",7
001406283590,1443690044269.179932,"[-53, -57, -61, -62, -61, -58, -62, -51]",7
001406300000,1443690044308.478027,"[-48, -45, -45, -47, -49, -45, -45, -46]",40
3c46d81ced78,1443690044331.569092,"[-44, -44, -44, -44, -47, -45, -46, -44]",7
001406283590,1443690044358.458008,"[-53, -56, -61, -61, -61, -58, -59, -52]",7
001406383590,1443690044377.876953,"[-49, -46, -50, -49, -47, -47, -47, -48]",40
3c46d81ced78,1443690044433.975098,"[-44, -44, -44, -44, -47, -45, -46, -44]",7
001406283590,1443690044460.952881,"[-54, -56, -61, -61, -62, -58, -60, -52]",7
001406300000,1443690044513.339111,"[-48, -45, -45, -47, -49, -45, -45, -47]",40
3c46d81ced78,1443690044536.416016,"[-44, -44, -44, -44, -47, -45, -46, -44]",7
001406283590,1443690044563.153076,"[-53, -57, -62, -61, -62, -58, -62, -52]",7
001406383590,1443690044582.688965,"[-49, -46, -50, -49, -47, -47, -47, -48]",40
3c46d81ced78,1443690044638.904053,"[-44, -44, -44, -44, -47, -45, -46, -44]",7
001406283590,1443690044665.625977,"[-53, -57, -62, -61, -62, -58, -62, -52]",7
001406300000,1443690044718.037109,"[-48, -45, -45, -47, -50, -45, -45, -47]",40
3c46d81ced78,1443690044741.228027,"[-44, -44, -44, -44, -47, -45, -46, -44]",7
001406283590,1443690044781.168945,"[-53, -56, -62, -61, -62, -58, -62, -52]",7
a0999b73dfd8,1443690044781.229980,"[-44, -44, -44, -44, -47, -45, -46, -44]",7
001406383590,1443690044787.572021,"[-49, -46, -50, -48, -47, -47, -47, -47]",40
a0999b73dfd8,1443690044791.964111,"[-66, -62, -59, -69, -70, -64, -73, -70]",7
a0999b73dfd8,1443690044813.285889,"[-65, -61, -58, -66, -68, -62, -62, -67]",7
a0999b73dfd8,1443690044833.320068,"[-65, -62, -59, -68, -69, -59, -71, -67]",7
001406283590,1443690044870.513916,"[-53, -56, -62, -61, -62, -58, -62, -52]",7
001406300000,1443690044922.938965,"[-48, -45, -45, -47, -50, -45, -45, -47]",40
3c46d81ced78,1443690044946.042969,"[-44, -44, -44, -44, -47, -45, -46, -44]",7
001406283590,1443690044972.855957,"[-53, -56, -62, -62, -62, -58, -63, -52]",7
001406383590,1443690044992.284912,"[-49, -46, -50, -49, -47, -47, -47, -47]",40
3c46d81ced78,1443690045048.437988,"[-44, -44, -44, -44, -47, -45, -46, -44]",7
001406283590,1443690045075.392090,"[-53, -56, -62, -62, -61, -58, -63, -52]",7
001406300000,1443690045127.780029,"[-48, -46, -45, -47, -50, -45, -45, -47]",40
3c46d81ced78,1443690045150.863037,"[-44, -44, -44, -44, -47, -45, -46, -44]",7
001406283590,1443690045177.717041,"[-53, -57, -62, -62, -62, -58, -63, -52]",7
001406383590,1443690045197.147949,"[-49, -46, -50, -49, -47, -47, -47, -48]",40
3c46d81ced78,1443690045253.283936,"[-44, -44, -44, -44, -47, -45, -46, -44]",7
001406283590,1443690045293.248047,"[-53, -56, -61, -61, -62, -58, -61, -52]",7
001406300000,1443690045332.501953,"[-48, -45, -45, -47, -49, -45, -45, -47]",40
a0999b73dfd8,1443690045350.934082,"[-49, -46, -50, -49, -47, -47, -47, -47]",40
3c46d81ced78,1443690045355.718994,"[-44, -44, -44, -44, -47, -45, -46, -44]",7
a0999b73dfd8,1443690045371.129883,"[-71, -74, -79, -74, -70, -79, -73, -72]",40
001406283590,1443690045382.559082,"[-53, -56, -62, -62, -62, -58, -62, -52]",7
001406383590,1443690045401.914062,"[-72, -76, -79, -75, -70, -79, -73, -73]",40
3c46d81ced78,1443690045458.060059,"[-44, -44, -44, -44, -47, -45, -46, -44]",7
001406283590,1443690045484.896973,"[-54, -56, -62, -62, -62, -58, -63, -52]",7
001406300000,1443690045537.360107,"[-48, -45, -45, -47, -49, -45, -45, -46]",40
3c46d81ced78,1443690045560.589111,"[-44, -44, -44, -44, -47, -45, -46, -44]",7
001406283590,1443690045587.450928,"[-53, -56, -61, -61, -61, -58, -62, -52]",7
001406383590,1443690045606.894043,"[-49, -46, -50, -49, -47, -47, -47, -47]",40
3c46d81ced78,1443690045662.970947,"[-44, -44, -44, -44, -47, -45, -46, -44]",7
38aa3cb6ece2,1443690045665.241943,"[-70, -75, -68, -61, -72, -76, -67, -66]",7
001406300000,1443690045742.112061,"[-48, -45, -45, -47, -50, -45, -45, -46]",40
38aa3cb6ece2,1443690045750.224121,"[-44, -44, -44, -44, -47, -45, -46, -44]",7
3c46d81ced78,1443690045765.240967,"[-72, -74, -68, -58, -70, -75, -62, -61]",7
001406283590,1443690045805.227051,"[-53, -56, -62, -62, -62, -58, -63, -52]",7
001406383590,1443690045811.570068,"[-49, -46, -49, -49, -47, -47, -47, -47]",40
3c46d81ced78,1443690045867.688965,"[-72, -71, -68, -57, -68, -75, -61, -60]",7
001406283590,1443690045894.520020,"[-53, -56, -61, -60, -61, -59, -64, -52]",7
001406300000,1443690045947.133057,"[-48, -45, -45, -47, -50, -45, -45, -47]",40
38aa3cb6ece2,1443690045960.447998,"[-44, -44, -44, -44, -47, -45, -46, -44]",7
7451ba58b433,1443690045961.343018,"[-72, -77, -71, -61, -72, -76, -67, -65]",7
7451ba58b433,1443690045980.482910,"[-53, -57, -62, -62, -61, -58, -64, -52]",7
001406283590,1443690045997.068115,"[-72, -75, -72, -65, -73, -76, -72, -67]",7
001406383590,1443690046016.426025,"[-49, -46, -50, -49, -47, -47, -47, -47]",40
3c46d81ced78,1443690046072.540039,"[-44, -44, -44, -44, -46, -45, -46, -44]",7
001406283590,1443690046099.444092,"[-53, -57, -62, -62, -61, -58, -63, -52]",7
001406300000,1443690046151.696045,"[-48, -45, -45, -47, -49, -45, -45, -47]",40
3c46d81ced78,1443690046174.970947,"[-44, -44, -44, -44, -47, -45, -46, -44]",7
001406283590,1443690046201.852051,"[-53, -57, -62, -63, -61, -59, -63, -52]",7
001406383590,1443690046221.257080,"[-49, -46, -50, -49, -47, -47, -47, -47]",40
3c46d81ced78,1443690046277.367920,"[-44, -44, -44, -44, -47, -45, -47, -44]",7
001406283590,1443690046317.205078,"[-53, -58, -62, -62, -61, -59, -64, -52]",7
001406300000,1443690046356.672119,"[-49, -45, -45, -47, -49, -45, -45, -46]",40
3c46d81ced78,1443690046379.863037,"[-44, -44, -44, -44, -47, -45, -46, -44]",7
001406283590,1443690046406.714111,"[-53, -57, -62, -63, -60, -59, -61, -52]",7
001406383590,1443690046426.113037,"[-49, -46, -50, -49, -47, -47, -46, -47]",40
3c46d81ced78,1443690046482.218994,"[-44, -44, -44, -44, -47, -45, -46, -44]",7
001406283590,1443690046509.103027,"[-53, -58, -63, -62, -61, -59, -63, -52]",7
001406300000,1443690046561.481934,"[-48, -46, -45, -47, -50, -45, -45, -47]",40
3c46d81ced78,1443690046584.614014,"[-44, -44, -44, -44, -47, -45, -46, -44]",7
001406283590,1443690046611.510986,"[-70, -72, -67, -64, -71, -74, -68, -68]",7
001406383590,1443690046630.977051,"[-49, -46, -50, -49, -47, -47, -47, -47]",40
3c46d81ced78,1443690046687.065918,"[-44, -44, -44, -44, -47, -45, -46, -44]",7
001406283590,1443690046713.949951,"[-52, -58, -62, -62, -61, -58, -63, -52]",7
001406300000,1443690046766.308105,"[-48, -45, -45, -47, -49, -45, -45, -46]",40
3c46d81ced78,1443690046789.438965,"[-44, -44, -44, -44, -47, -45, -46, -44]",7
ac3c0b7a3aa9,1443690046828.991943,"[-49, -46, -50, -50, -47, -47, -47, -48]",40
001406283590,1443690046829.249023,"[-53, -57, -62, -62, -61, -58, -63, -52]",7
001406383590,1443690046835.702881,"[-76, -65, -74, -66, -69, -72, -73, -62]",40
3c46d81ced78,1443690046891.797119,"[-44, -44, -44, -44, -47, -45, -46, -44]",7
001406283590,1443690046918.766113,"[-53, -58, -62, -63, -61, -58, -64, -52]",7
7451ba58b433,1443690046966.312988,"[-44, -44, -44, -44, -47, -45, -46, -44]",7
001406300000,1443690046971.058105,"[-48, -46, -45, -47, -50, -45, -45, -47]",40
7451ba58b433,1443690046971.290039,"[-71, -74, -70, -64, -70, -76, -65, -64]",7
3c46d81ced78,1443690046994.188965,"[-72, -75, -71, -65, -71, -76, -65, -65]",7
7451ba58b433,1443690047005.306885,"[-53, -57, -62, -62, -61, -58, -63, -52]",7
7451ba58b433,1443690047009.766113,"[-70, -72, -70, -60, -68, -76, -62, -61]",7
001406283590,1443690047021.045898,"[-70, -72, -69, -60, -68, -76, -64, -61]",7
001406383590,1443690047040.504883,"[-49, -46, -50, -49, -47, -47, -47, -48]",40
7451ba58b433,1443690047083.885010,"[-67, -67, -64, -58, -69, -74, -63, -62]",7
3c46d81ced78,1443690047096.638916,"[-71, -73, -70, -62, -68, -76, -62, -60]",7
001406283590,1443690047123.626953,"[-53, -58, -61, -61, -61, -58, -61, -52]",7
10a5d093722f,1443690047143.280029,"[-48, -45, -45, -47, -50, -45, -45, -46]",40
001406300000,1443690047175.882080,"[-77, -77, -75, -66, -77, -80, -70, -73]",40
10a5d093722f,1443690047184.644043,"[-49, -46, -50, -50, -47, -47, -47, -48]",40
3c46d81ced78,1443690047199.065918,"[-44, -44, -44, -44, -47, -45, -46, -44]",7
001406283590,1443690047226.056885,"[-53, -57, -61, -60, -61, -59, -64, -52]",7
38aa3c47b0e0,1443690047236.934082,"[-44, -44, -44, -44, -47, -45, -46, -44]",7
001406383590,1443690047245.346924,"[-77, -69, -73, -66, -74, -75, -72, -68]",40
38aa3c47b0e0,1443690047277.858887,"[-70, -73, -67, -54, -64, -73, -62, -56]",7
3c46d81ced78,1443690047301.465088,"[-71, -75, -68, -56, -67, -75, -66, -60]",7
001406283590,1443690047341.292969,"[-53, -57, -62, -62, -61, -58, -63, -52]",7
001406300000,1443690047380.781982,"[-48, -45, -45, -47, -50, -45, -45, -47]",40
2c8a728ca6e7,1443690047391.920898,"[-44, -44, -44, -44, -47, -45, -46, -44]",7
3c46d81ced78,1443690047403.883057,"[-71, -75, -64, -77, -72, -70, -66, -73]",7
001406283590,1443690047430.800049,"[-53, -57, -61, -62, -61, -58, -63, -52]",7
001406383590,1443690047450.247070,"[-49, -46, -50, -49, -47, -47, -47, -47]",40
3c46d81ced78,1443690047506.418945,"[-44, -44, -44, -44, -47, -45, -46, -44]",7
e8508bdb8275,1443690047512.952881,"[-48, -45, -45, -47, -49, -45, -45, -46]",40
001406283590,1443690047533.236084,"[-53, -57, -62, -62, -62, -59, -64, -52]",7
e8508bdb8275,1443690047553.300049,"[-77, -74, -75, -68, -77, -80, -72, -75]",40
001406300000,1443690047585.658936,"[-76, -74, -75, -67, -74, -79, -71, -70]",40
3c46d81ced78,1443690047608.857910,"[-44, -44, -44, -44, -47, -45, -46, -44]",7
001406283590,1443690047635.662109,"[-53, -57, -62, -62, -61, -58, -62, -52]",7
001406383590,1443690047655.133057,"[-49, -46, -50, -49, -47, -47, -47, -47]",40
3c46d81ced78,1443690047711.175049,"[-44, -44, -44, -44, -47, -45, -46, -44]",7
5cf8a192a6fe,1443690047732.184082,"[-48, -45, -45, -47, -49, -45, -45, -47]",40
001406283590,1443690047737.968994,"[-53, -58, -62, -62, -61, -59, -64, -52]",7
5cf8a192a6fe,1443690047772.597900,"[-69, -61, -65, -54, -65, -71, -59, -59]",40
001406300000,1443690047790.405029,"[-68, -61, -64, -53, -64, -71, -57, -58]",40
3c46d81ced78,1443690047813.584961,"[-44, -44, -44, -44, -47, -45, -46, -44]",7
38aa3c47b0e0,1443690047830.645020,"[-49, -46, -50, -49, -47, -47, -47, -47]",40
001406283590,1443690047853.115967,"[-53, -57, -62, -62, -61, -58, -63, -52]",7
001406383590,1443690047859.879883,"[-75, -78, -68, -66, -78, -83, -68, -77]",40
38aa3c47b0e0,1443690047871.906006,"[-48, -45, -45, -47, -49, -45, -45, -46]",40
3c46d81ced78,1443690047915.904053,"[-44, -44, -44, -44, -47, -45, -46, -44]",7
001406283590,1443690047942.878906,"[-56, -60, -64, -66, -63, -62, -66, -55]",7
001406300000,1443690047995.250000,"[-75, -76, -68, -66, -79, -82, -67, -76]",40
3c46d81ced78,1443690048018.404053,"[-44, -44, -44, -44, -47, -45, -46, -44]",7
a0999b6acee4,1443690048018.404053,"[-49, -46, -50, -50, -47, -47, -47, -48]",40
001406283590,1443690048045.281982,"[-53, -57, -62, -62, -61, -58, -64, -52]",7
001406383590,1443690048064.653076,"[-73, -73, -74, -67, -79, -78, -72, -68]",40
3c46d81ced78,1443690048120.881104,"[-44, -44, -44, -44, -47, -45, -46, -44]",7
001406283590,1443690048147.663086,"[-53, -57, -62, -62, -60, -58, -64, -52]",7
001406300000,1443690048200.051025,"[-48, -45, -44, -47, -50, -45, -45, -47]",40
3c46d81ced78,1443690048223.311035,"[-44, -44, -44, -44, -47, -45, -46, -44]",7
001406283590,1443690048250.049072,"[-52, -56, -61, -62, -60, -58, -62, -52]",7
001406383590,1443690048269.597900,"[-49, -46, -51, -50, -47, -47, -47, -48]",40
3c46d81ced78,1443690048325.650879,"[-69, -71, -64, -61, -66, -71, -58, -65]",7
001406283590,1443690048365.235107,"[-53, -56, -62, -62, -61, -58, -63, -52]",7
001406300000,1443690048404.917969,"[-48, -45, -45, -47, -49, -45, -45, -46]",40
3c46d81ced78,1443690048428.039062,"[-44, -44, -44, -44, -47, -45, -46, -44]",7
001406283590,1443690048454.982910,"[-53, -56, -62, -62, -61, -58, -63, -52]",7
001406383590,1443690048474.446045,"[-49, -46, -50, -49, -47, -47, -47, -47]",40
3c46d81ced78,1443690048530.562988,"[-44, -44, -44, -44, -47, -45, -46, -44]",7
001406283590,1443690048557.422119,"[-53, -57, -62, -62, -61, -58, -63, -52]",7
507a556151f5,1443690048571.518066,"[-70, -72, -60, -71, -71, -73, -66, -73]",7
001406300000,1443690048609.795898,"[-48, -46, -45, -47, -49, -45, -45, -47]",40
507a556151f5,1443690048612.281982,"[-69, -73, -60, -71, -71, -71, -61, -74]",7
3c46d81ced78,1443690048632.910889,"[-72, -75, -65, -72, -73, -74, -65, -76]",7
001406283590,1443690048659.837891,"[-53, -56, -61, -61, -60, -58, -59, -52]",7
001406383590,1443690048679.166992,"[-49, -46, -50, -49, -47, -47, -47, -48]",40
3c46d81ced78,1443690048735.251953,"[-44, -44, -44, -44, -47, -45, -46, -44]",7
001406283590,1443690048762.155029,"[-53, -56, -62, -62, -61, -58, -63, -52]",7
001406300000,1443690048814.549072,"[-48, -45, -45, -47, -49, -45, -45, -46]",40
3c46d81ced78,1443690048837.685059,"[-44, -44, -44, -44, -47, -45, -46, -44]",7
a0999b73dfd8,1443690048877.228027,"[-53, -56, -62, -62, -61, -58, -63, -52]",7
001406283590,1443690048877.274902,"[-66, -61, -60, -70, -69, -56, -71, -66]",7
a0999b73dfd8,1443690048877.300049,"[-44, -44, -44, -44, -47, -45, -46, -44]",7
001406383590,1443690048883.986084,"[-49, -46, -50, -49, -47, -47, -47, -48]",40
a0999b73dfd8,1443690048898.333008,"[-66, -61, -60, -69, -69, -56, -72, -66]",7
3c46d81ced78,1443690048940.165039,"[-65, -60, -58, -64, -68, -56, -61, -63]",7
a0999b73dfd8,1443690048960.033936,"[-53, -56, -61, -61, -61, -58, -61, -52]",7
001406283590,1443690048966.958008,"[-67, -62, -60, -71, -71, -57, -72, -67]",7
001406300000,1443690049019.440918,"[-48, -46, -45, -47, -49, -45, -45, -46]",40
3c46d81ced78,1443690049042.553955,"[-44, -44, -44, -44, -47, -45, -46, -44]",7
001406283590,1443690049069.408936,"[-53, -57, -62, -62, -61, -58, -63, -52]",7
507a556151f5,1443690049070.110107,"[-49, -46, -50, -49, -47, -47, -47, -47]",40
001406383590,1443690049088.884033,"[-76, -69, -73, -56, -74, -80, -62, -66]",40
3c46d81ced78,1443690049144.888916,"[-44, -44, -44, -44, -47, -45, -46, -44]",7
001406283590,1443690049171.894043,"[-53, -56, -62, -62, -61, -58, -62, -52]",7
001406300000,1443690049224.178955,"[-48, -45, -45, -47, -49, -45, -45, -46]",40
3c46d81ced78,1443690049247.251953,"[-44, -44, -44, -44, -47, -45, -47, -44]",7
001406283590,1443690049274.250000,"[-53, -57, -62, -62, -61, -58, -63, -53]",7
001406383590,1443690049293.732910,"[-48, -46, -50, -48, -47, -47, -47, -47]",40
3c46d81ced78,1443690049349.695068,"[-44, -44, -44, -44, -47, -45, -47, -44]",7
001406283590,1443690049389.302002,"[-53, -56, -62, -60, -60, -58, -59, -51]",7
001406300000,1443690049429.017090,"[-48, -45, -45, -47, -49, -45, -45, -46]",40
a0999b73dfd8,1443690049437.885986,"[-49, -46, -51, -49, -47, -47, -47, -47]",40
3c46d81ced78,1443690049452.112061,"[-70, -65, -65, -75, -73, -61, -74, -71]",7
a0999b73dfd8,1443690049458.439941,"[-70, -75, -78, -74, -69, -79, -72, -72]",40
acfdec72661b,1443690049466.143066,"[-53, -57, -62, -62, -61, -58, -63, -52]",7
001406283590,1443690049479.034912,"[-67, -67, -56, -60, -71, -74, -59, -75]",7
001406383590,1443690049498.389893,"[-72, -77, -79, -75, -72, -80, -74, -75]",40
acfdec72661b,1443690049508.650879,"[-44, -44, -44, -44, -47, -45, -46, -44]",7
3c46d81ced78,1443690049513.739014,"[-52, -57, -62, -62, -61, -58, -63, -52]",7
001406283590,1443690049581.468018,"[-67, -68, -60, -62, -71, -71, -56, -71]",7
001406300000,1443690049633.857910,"[-48, -45, -45, -47, -49, -45, -45, -47]",40
3c46d81ced78,1443690049657.034912,"[-44, -44, -44, -44, -47, -45, -46, -44]",7
bc4cc4a222cb,1443690049668.214111,"[-49, -46, -51, -50, -47, -47, -47, -47]",40
001406283590,1443690049683.826904,"[-53, -57, -62, -62, -61, -58, -64, -52]",7
bc4cc4a222cb,1443690049688.868896,"[-77, -68, -75, -65, -73, -76, -70, -67]",40
001406383590,1443690049703.367920,"[-76, -67, -73, -63, -73, -73, -68, -67]",40
3c46d81ced78,1443690049759.357910,"[-44, -44, -44, -44, -47, -45, -46, -44]",7
001406283590,1443690049786.216064,"[-53, -57, -61, -58, -61, -58, -60, -52]",7
001406300000,1443690049838.685059,"[-48, -45, -45, -47, -49, -45, -45, -47]",40
3c46d81ced78,1443690049861.809082,"[-44, -44, -44, -44, -47, -45, -46, -44]",7
001406283590,1443690049901.148926,"[-53, -57, -62, -61, -62, -58, -62, -52]",7
001406383590,1443690049908.206055,"[-49, -46, -50, -50, -47, -47, -47, -47]",40
00376db18e2f,1443690049925.564941,"[-48, -45, -45, -47, -50, -45, -45, -47]",40
3c46d81ced78,1443690049964.291992,"[-44, -44, -44, -44, -47, -45, -46, -44]",7
00376db18e2f,1443690049966.004883,"[-77, -77, -71, -73, -78, -81, -71, -77]",40
001406283590,1443690049991.093018,"[-53, -57, -62, -62, -61, -58, -64, -53]",7
001406300000,1443690050043.531006,"[-77, -78, -71, -73, -79, -82, -71, -79]",40
acfdec72661b,1443690050061.829102,"[-49, -46, -50, -49, -47, -47, -47, -47]",40
3c46d81ced78,1443690050066.623047,"[-44, -44, -44, -44, -47, -45, -46, -44]",7
001406283590,1443690050093.514893,"[-53, -57, -62, -62, -61, -58, -64, -52]",7
001406383590,1443690050112.964111,"[-72, -63, -73, -54, -66, -70, -58, -57]",40
f02475d6b83d,1443690050157.404053,"[-44, -44, -44, -44, -47, -45, -46, -44]",7
3c46d81ced78,1443690050169.017090,"[-69, -70, -66, -61, -73, -75, -68, -71]",7
001406283590,1443690050195.881104,"[-53, -58, -62, -62, -61, -58, -63, -52]",7
001406300000,1443690050248.292969,"[-48, -45, -45, -47, -49, -45, -45, -46]",40
3c46d81ced78,1443690050271.486084,"[-44, -44, -44, -44, -47, -45, -46, -44]",7
001406283590,1443690050298.363037,"[-53, -57, -62, -62, -61, -58, -64, -52]",7
001406383590,1443690050317.762939,"[-49, -46, -50, -49, -47, -47, -47, -47]",40
3c46d81ced78,1443690050373.937988,"[-44, -44, -44, -44, -47, -45, -46, -44]",7
001406283590,1443690050413.260010,"[-53, -57, -62, -62, -62, -58, -63, -52]",7
001406300000,1443690050453.142090,"[-48, -45, -45, -47, -49, -45, -45, -46]",40
3c46d81ced78,1443690050476.289062,"[-44, -44, -44, -44, -47, -45, -46, -44]",7
40f308095119,1443690050498.599121,"[-53, -57, -61, -57, -61, -58, -58, -52]",7
001406383590,1443690050522.506104,"[-49, -46, -51, -49, -47, -47, -47, -47]",40
40f308095119,1443690050540.029053,"[-44, -44, -44, -44, -47, -45, -46, -44]",7
3c46d81ced78,1443690050578.607910,"[-67, -68, -59, -61, -71, -73, -61, -70]",7
001406283590,1443690050605.528076,"[-53, -57, -62, -61, -61, -58, -62, -52]",7
40f308095119,1443690050624.789062,"[-44, -44, -44, -44, -47, -45, -46, -44]",7
001406300000,1443690050657.947998,"[-48, -45, -44, -47, -50, -45, -45, -46]",40
3c46d81ced78,1443690050681.099121,"[-70, -72, -63, -65, -73, -75, -69, -74]",7
001406283590,1443690050708.010010,"[-53, -56, -62, -62, -62, -58, -63, -52]",7
f02475d6b83d,1443690050716.340088,"[-49, -46, -50, -49, -47, -47, -47, -47]",40
001406383590,1443690050727.524902,"[-78, -58, -73, -64, -62, -64, -67, -55]",40
f02475d6b83d,1443690050736.491943,"[-48, -45, -45, -47, -49, -45, -45, -46]",40
3c46d81ced78,1443690050783.512939,"[-44, -44, -44, -44, -47, -45, -46, -44]",7
001406283590,1443690050810.501953,"[-53, -56, -62, -61, -62, -58, -64, -52]",7
001406300000,1443690050862.778076,"[-78, -59, -75, -71, -63, -66, -74, -56]",40
3c46d81ced78,1443690050885.951904,"[-44, -44, -44, -44, -47, -45, -46, -44]",7
001406283590,1443690050925.269043,"[-53, -58, -62, -61, -62, -58, -62, -52]",7
001406383590,1443690050932.239990,"[-49, -46, -51, -49, -47, -47, -47, -47]",40
3c46d81ced78,1443690050988.441895,"[-44, -44, -44, -44, -47, -45, -46, -44]",7
001406283590,1443690051015.249023,"[-53, -56, -61, -58, -61, -58, -57, -51]",7
0c4885fee92b,1443690051019.125977,"[-44, -44, -44, -44, -47, -45, -46, -44]",7
0c4885fee92b,1443690051040.375977,"[-46, -44, -50, -51, -47, -50, -56, -55]",7
3c46d81ced78,1443690051045.907959,"[-45, -44, -50, -52, -46, -50, -56, -55]",7
0c4885fee92b,1443690051051.100098,"[-45, -44, -50, -52, -46, -50, -56, -55]",7
0c4885fee92b,1443690051061.004883,"[-45, -44, -48, -48, -45, -48, -53, -52]",7
3c46d81ced78,1443690051066.041016,"[-53, -57, -62, -60, -62, -58, -63, -52]",7
001406300000,1443690051067.508057,"[-49, -46, -45, -47, -49, -45, -45, -47]",40
3c46d81ced78,1443690051075.904053,"[-45, -44, -49, -50, -45, -49, -56, -55]",7
3c46d81ced78,1443690051090.724121,"[-44, -44, -48, -49, -45, -48, -54, -53]",7
0c4885fee92b,1443690051101.091064,"[-53, -57, -63, -62, -61, -58, -63, -52]",7
40f308095119,1443690051105.125000,"[-49, -46, -51, -49, -47, -47, -47, -48]",40
001406283590,1443690051117.614014,"[-46, -44, -51, -52, -47, -50, -55, -54]",7
40f308095119,1443690051134.925049,"[-74, -65, -71, -57, -71, -76, -64, -65]",40
3c46d81ced78,1443690051193.231934,"[-46, -44, -51, -52, -46, -50, -55, -53]",7
001406283590,1443690051224.936035,"[-53, -57, -62, -61, -62, -59, -64, -52]",7
001406300000,1443690051272.454102,"[-48, -45, -44, -47, -49, -45, -45, -46]",40
3c46d81ced78,1443690051295.556885,"[-44, -44, -44, -44, -46, -45, -45, -44]",7
5cf8a1dcee09,1443690051307.208008,"[-53, -56, -62, -61, -62, -59, -64, -53]",7
0c4885fee92b,1443690051321.354004,"[-49, -46, -51, -49, -47, -47, -47, -47]",40
001406283590,1443690051322.489014,"[-70, -63, -63, -52, -60, -71, -56, -51]",7
0c4885fee92b,1443690051330.603027,"[-58, -52, -65, -72, -52, -57, -56, -55]",40
001406383590,1443690051341.885010,"[-58, -52, -64, -71, -52, -57, -56, -55]",40
5cf8a1dcee09,1443690051347.438965,"[-44, -44, -44, -44, -48, -45, -46, -44]",7
0c4885fee92b,1443690051350.156006,"[-57, -52, -65, -73, -52, -57, -56, -55]",40
5cf8a1dcee09,1443690051390.418945,"[-69, -65, -65, -52, -62, -72, -55, -52]",7
001406283590,1443690051429.166992,"[-65, -67, -62, -52, -62, -70, -54, -51]",7
5cf8a1dcee09,1443690051430.360107,"[-44, -44, -44, -44, -48, -46, -47, -44]",7
9c207b48b560,1443690051436.481934,"[-66, -67, -64, -50, -66, -72, -57, -53]",7
5cf8a1dcee09,1443690051472.293945,"[-70, -74, -62, -79, -73, -73, -71, -73]",7
001406300000,1443690051477.237061,"[-57, -52, -64, -72, -51, -56, -56, -55]",40
9c207b48b560,1443690051492.240967,"[-67, -66, -62, -50, -65, -73, -60, -55]",7
3c46d81ced78,1443690051500.383057,"[-71, -74, -63, -76, -72, -72, -67, -71]",7
5cf8a1dcee09,1443690051512.623047,"[-55, -60, -65, -64, -63, -60, -66, -54]",7
001406283590,1443690051527.417969,"[-65, -67, -62, -50, -62, -69, -59, -56]",7
001406383590,1443690051546.741943,"[-49, -46, -51, -49, -47, -47, -47, -48]",40
5cf8a1dcee09,1443690051554.478027,"[-44, -44, -45, -44, -49, -46, -46, -44]",7
3c46d81ced78,1443690051602.812988,"[-70, -76, -69, -62, -70, -74, -65, -58]",7
001406283590,1443690051629.733887,"[-56, -60, -65, -63, -64, -62, -67, -55]",7
001406300000,1443690051682.311035,"[-49, -46, -50, -49, -47, -47, -47, -47]",40
3c46d81ced78,1443690051705.195068,"[-44, -44, -45, -44, -49, -46, -47, -45]",7
001406283590,1443690051732.082031,"[-58, -59, -64, -62, -66, -63, -68, -55]",7
3c46d81ced78,1443690051807.591064,"[-45, -44, -45, -44, -51, -46, -47, -44]",7
001406283590,1443690051834.521973,"[-58, -59, -63, -62, -67, -64, -69, -55]",7
001406300000,1443690051886.955078,"[-52, -47, -46, -50, -52, -47, -46, -48]",40
3c46d81ced78,1443690051910.147949,"[-45, -44, -45, -44, -50, -46, -47, -44]",7
001406283590,1443690051949.189941,"[-58, -59, -63, -62, -68, -64, -68, -55]",7
001406383590,1443690051956.478027,"[-49, -46, -50, -49, -47, -48, -47, -48]",40
3c46d81ced78,1443690052012.447998,"[-45, -44, -45, -44, -49, -46, -46, -44]",7
001406283590,1443690052039.468994,"[-58, -59, -63, -63, -68, -65, -68, -55]",7
5cf8a1dcee09,1443690052048.646973,"[-52, -47, -46, -50, -52, -47, -46, -48]",40
5cf8a1dcee09,1443690052089.160889,"[-76, -71, -68, -70, -71, -79, -65, -72]",40
001406300000,1443690052091.650879,"[-71, -61, -62, -61, -68, -69, -64, -70]",40
3c46d81ced78,1443690052114.802979,"[-44, -44, -45, -44, -49, -47, -47, -45]",7
001406283590,1443690052141.868896,"[-58, -59, -63, -63, -68, -65, -70, -55]",7
001406383590,1443690052161.201904,"[-49, -46, -52, -49, -47, -47, -47, -47]",40
3c46d81ced78,1443690052217.279053,"[-45, -44, -45, -44, -50, -47, -47, -45]",7
001406283590,1443690052244.219971,"[-57, -59, -63, -63, -69, -64, -69, -55]",7
001406300000,1443690052296.654053,"[-51, -46, -45, -49, -51, -46, -46, -48]",40
3c46d81ced78,1443690052319.736084,"[-45, -44, -45, -44, -50, -46, -47, -45]",7
001406283590,1443690052346.688965,"[-56, -60, -64, -61, -68, -63, -68, -55]",7
001406383590,1443690052365.993896,"[-49, -46, -51, -49, -47, -47, -47, -47]",40
3c46d81ced78,1443690052422.267090,"[-45, -44, -45, -44, -49, -46, -47, -45]",7
001406283590,1443690052461.247070,"[-55, -60, -63, -60, -65, -61, -62, -55]",7
001406300000,1443690052505.104004,"[-49, -46, -45, -48, -51, -46, -46, -48]",40
3c46d81ced78,1443690052524.585938,"[-44, -44, -45, -44, -50, -47, -47, -45]",7
001406283590,1443690052551.420898,"[-55, -62, -66, -68, -64, -61, -66, -55]",7
001406383590,1443690052570.882080,"[-49, -46, -52, -49, -47, -47, -47, -47]",40
3c46d81ced78,1443690052626.981934,"[-44, -45, -45, -44, -49, -47, -48, -45]",7
001406283590,1443690052653.876953,"[-55, -61, -68, -72, -62, -61, -64, -58]",7
001406300000,1443690052706.258057,"[-49, -46, -52, -49, -47, -47, -47, -48]",40
001406283590,1443690052756.360107,"[-44, -45, -45, -44, -49, -47, -48, -45]",7
3c46d81ced78,1443690052831.687012,"[-44, -44, -45, -45, -48, -46, -47, -46]",7
001406283590,1443690052858.793945,"[-53, -57, -60, -58, -61, -60, -60, -54]",7
001406300000,1443690052911.018066,"[-49, -45, -44, -47, -49, -45, -45, -46]",40
3c46d81ced78,1443690052934.126953,"[-44, -44, -44, -44, -49, -46, -47, -45]",7
a0999b73dfd8,1443690052973.280029,"[-53, -57, -61, -60, -62, -60, -67, -51]",7
001406283590,1443690052973.345947,"[-67, -61, -59, -70, -72, -59, -72, -66]",7
a0999b73dfd8,1443690052973.399902,"[-44, -44, -44, -44, -49, -46, -47, -44]",7
001406383590,1443690052980.582031,"[-49, -46, -51, -49, -47, -47, -47, -48]",40
a0999b73dfd8,1443690052985.548096,"[-66, -61, -60, -69, -69, -58, -72, -67]",7
a0999b73dfd8,1443690053006.031006,"[-67, -61, -60, -68, -69, -56, -70, -65]",7
